brake,brake_raw,clutch,clutch_raw,elapsed_time,force_feedback,lap_number,steering,steering_range_physical,steering_range_visual,steering_raw,steering_shaft_torque,throttle,throttle_raw
0.0,0.0,0.0,0.0,524.5225,-0.1175188347697258,4,0.011472506448626518,0.0,719.0,0.011472506448626518,-5.952365543112878,1.0,1.0
0.0,0.0,0.0,0.0,524.6225000000001,-0.13934768736362457,4,0.00930524431169033,0.0,719.0,0.00930524431169033,-5.321200675980622,1.0,1.0
0.0,0.0,0.0,0.0,524.7425000000001,-0.23229442536830902,4,0.0187260452657938,0.0,719.0,0.0187260452657938,-6.652383744354659,1.0,1.0
0.0,0.0,0.0,0.0,524.8225000000001,-0.15213072299957275,4,0.013369342312216759,0.0,719.0,0.013369342312216759,-5.347016650570162,1.0,1.0
0.0,0.0,0.0,0.0,524.9425000000001,-0.14146578311920166,4,0.009378913789987564,0.0,719.0,0.009378913789987564,-5.182584234439827,1.0,1.0
0.0,0.0,0.0,0.0,525.0225,-0.13534921407699585,4,0.014584235846996307,0.0,719.0,0.014584235846996307,-3.9238382312044413,1.0,1.0
0.0,0.0,0.0,0.0,525.1425,-0.28245314955711365,4,0.019586555659770966,0.0,719.0,0.019586555659770966,-7.349875952069164,1.0,1.0
0.0,0.0,0.0,0.0,525.2225000000001,-0.1290944665670395,4,0.010444999672472477,0.0,719.0,0.010444999672472477,-5.582887665059753,1.0,1.0
0.0,0.0,0.0,0.0,525.3225000000001,-0.14416800439357758,4,0.005499447230249643,0.0,719.0,0.005499447230249643,-4.364196852820188,1.0,1.0
0.0,0.0,0.0,0.0,525.4425000000001,-0.22429496049880981,4,0.016851620748639107,0.0,719.0,0.016851620748639107,-5.452006566548422,1.0,1.0
0.0,0.0,0.0,0.0,525.5225,-0.2048671990633011,4,0.015486634336411953,0.0,719.0,0.015486634336411953,-5.5710096339618795,1.0,1.0
0.0,0.0,0.0,0.0,525.6425,-0.05857134610414505,4,0.004583638161420822,0.0,719.0,0.004583638161420822,-1.5932194862543554,1.0,1.0
0.0,0.0,0.0,0.0,525.7425000000001,-0.16205760836601257,4,0.012488805688917637,0.0,719.0,0.012488805688917637,-5.017591081438416,1.0,1.0
0.0,0.0,0.0,0.0,525.8425000000001,-0.097312331199646,4,0.010310337878763676,0.0,719.0,0.010310337878763676,-2.8934181178086016,1.0,1.0
0.0,0.0,0.0,0.0,525.9425000000001,-0.12617503106594086,4,0.009664954617619514,0.0,719.0,0.009664954617619514,-3.454412286891578,1.0,1.0
0.0,0.0,0.0,0.0,526.0425,-0.12157520651817322,4,0.006951146759092808,0.0,719.0,0.006951146759092808,-3.4448177777748015,1.0,1.0
0.0,0.0,0.0,0.0,526.1425,-0.15704476833343506,4,0.008577925153076649,0.0,719.0,0.008577925153076649,-3.116386838576846,1.0,1.0
0.0,0.0,0.0,0.0,526.2425000000001,-0.25847071409225464,4,0.010638449341058731,0.0,719.0,0.010638449341058731,-5.504164646937272,1.0,1.0
0.0,0.0,0.0,0.0,526.3425000000001,-0.0422271303832531,4,0.0021869188640266657,0.0,719.0,0.0021869188640266657,-1.876974585097246,1.0,1.0
0.0,0.0,0.0,0.0,526.4425000000001,-0.1315411627292633,4,0.011105631478130817,0.0,719.0,0.011105631478130817,-3.3700767940637766,1.0,1.0
0.0,0.0,0.0,0.0,526.5425,-0.1020670011639595,4,0.01268023531883955,0.0,719.0,0.01268023531883955,-2.9949763061726085,1.0,1.0
0.0,0.0,0.0,0.0,526.6425,0.016571156680583954,4,0.0020138612017035484,0.0,719.0,0.0020138612017035484,-3.439874537156292,1.0,1.0
0.0,0.0,0.0,0.0,526.7425000000001,0.0031964872032403946,4,-0.0023516176734119654,0.0,719.0,-0.0023516176734119654,-2.473931948590665,1.0,1.0
0.0,0.0,0.0,0.0,526.8425000000001,-0.020973030477762222,4,-0.002896693767979741,0.0,719.0,-0.002896693767979741,-0.15956405018285047,1.0,1.0
0.0,0.0,0.0,0.0,526.9425000000001,0.15455548465251923,4,-0.011863905936479568,0.0,719.0,-0.011863905936479568,5.489085129052635,1.0,1.0
0.0,0.0,0.0,0.0,527.0425,0.08447910100221634,4,-0.01050865650177002,0.0,719.0,-0.01050865650177002,4.220455000632009,1.0,1.0
0.0,0.0,0.0,0.0,527.1625,0.23372432589530945,4,-0.015575366094708443,0.0,719.0,-0.015575366094708443,7.316220199207386,1.0,1.0
0.0,0.0,0.0,0.0,527.2425000000001,0.17725077271461487,4,-0.014804967679083347,0.0,719.0,-0.014804967679083347,4.897936881592661,1.0,1.0
0.0,0.0,0.0,0.0,527.3425000000001,0.2438274323940277,4,-0.019729577004909515,0.0,719.0,-0.019729577004909515,6.732621211540414,1.0,1.0
0.0,0.0,0.0,0.0,527.4425000000001,0.16105960309505463,4,-0.01240282878279686,0.0,719.0,-0.01240282878279686,6.693171202741108,1.0,1.0
0.0,0.0,0.0,0.0,527.5425,0.18943853676319122,4,-0.008500306867063046,0.0,719.0,-0.008500306867063046,5.131824670842305,1.0,1.0
0.0,0.0,0.0,0.0,527.6625,0.1286548227071762,4,-0.00969572551548481,0.0,719.0,-0.00969572551548481,4.139351996672705,1.0,1.0
0.0,0.0,0.0,0.0,527.7425000000001,0.15937598049640656,4,-0.010965091176331043,0.0,719.0,-0.010965091176331043,2.7239950270284408,1.0,1.0
0.0,0.0,0.0,0.0,527.8625000000001,0.07086777687072754,4,-0.006141523830592632,0.0,719.0,-0.006141523830592632,3.069242711001608,1.0,1.0
0.0,0.0,0.0,0.0,527.9425000000001,0.18669767677783966,4,-0.007155619096010923,0.0,719.0,-0.007155619096010923,3.652017561506987,1.0,1.0
0.0,0.0,0.0,0.0,528.0625000000001,0.14269238710403442,4,-0.009125113487243652,0.0,719.0,-0.009125113487243652,2.8332456630070033,1.0,1.0
0.0,0.0,0.0,0.0,528.1625,0.24891649186611176,4,-0.019132142886519432,0.0,719.0,-0.019132142886519432,6.465828748776256,1.0,1.0
0.0,0.0,0.0,0.0,528.2425000000001,0.38534146547317505,4,-0.02599281072616577,0.0,719.0,-0.02599281072616577,8.516774214479915,1.0,1.0
0.0,0.0,0.0,0.0,528.3625000000001,0.1134498193860054,4,-0.010279841721057892,0.0,719.0,-0.010279841721057892,6.68941158503204,1.0,1.0
0.0,0.0,0.0,0.0,528.4625000000001,0.2473786622285843,4,-0.016642097383737564,0.0,719.0,-0.016642097383737564,6.8945722677917365,1.0,1.0
0.0,0.0,0.0,0.0,528.5625000000001,0.4695478677749634,4,-0.03393334150314331,0.0,719.0,-0.03393334150314331,16.13685897046482,1.0,1.0
0.0,0.0,1.0,0.0,528.6625,0.6392868757247925,4,-0.03469813987612724,0.0,719.0,-0.03469813987612724,15.580565156435648,0.0,1.0
0.0,0.0,0.0,0.0,528.7425000000001,0.5141286253929138,4,-0.029604239389300346,0.0,719.0,-0.029604239389300346,14.959326244351978,1.0,1.0
0.0,0.0,0.0,0.0,528.8625000000001,0.5537455677986145,4,-0.03579481318593025,0.0,719.0,-0.03579481318593025,15.325281178641243,1.0,1.0
0.0,0.0,0.0,0.0,528.9625000000001,0.8488830924034119,4,-0.045336589217185974,0.0,719.0,-0.045336589217185974,20.516543833052275,1.0,1.0
0.0,0.0,0.0,0.0,529.0625000000001,0.3232259452342987,4,-0.027689214795827866,0.0,719.0,-0.027689214795827866,13.58908735704008,1.0,1.0
0.0,0.0,0.0,0.0,529.1625,0.5718064904212952,4,-0.04809586703777313,0.0,719.0,-0.04809586703777313,15.561108431300315,1.0,1.0
0.0,0.0,0.0,0.0,529.2625,0.6142920851707458,4,-0.05999945104122162,0.0,719.0,-0.05999945104122162,16.29852529804146,1.0,1.0
0.0,0.0,0.0,0.0,529.3625000000001,0.5427809357643127,4,-0.026369605213403702,0.0,719.0,-0.026369605213403702,17.16173278917742,1.0,1.0
0.0,0.0,0.0,0.0,529.4625000000001,0.3213711380958557,4,-0.010900791734457016,0.0,719.0,-0.010900791734457016,12.994727911529296,1.0,1.0
0.0,0.0,0.0,0.0,529.5625000000001,0.5545802712440491,4,-0.044755686074495316,0.0,719.0,-0.044755686074495316,12.42880180456131,1.0,1.0
0.0,0.0,0.0,0.0,529.6625,0.4339122772216797,4,-0.0368373841047287,0.0,719.0,-0.0368373841047287,14.802818768727146,1.0,1.0
0.0,0.0,0.0,0.0,529.7625,0.5159165859222412,4,-0.017368130385875702,0.0,719.0,-0.017368130385875702,15.937820827367771,1.0,1.0
0.0,0.0,0.0,0.0,529.8625000000001,0.32182830572128296,4,-0.02048298344016075,0.0,719.0,-0.02048298344016075,12.849336166937755,1.0,1.0
0.0,0.0,0.0,0.0,529.9825000000001,0.2818864583969116,4,-0.02078666165471077,0.0,719.0,-0.02078666165471077,10.103746685776974,1.0,1.0
0.0,0.0,0.0,0.0,530.0625000000001,0.29642632603645325,4,-0.0232528243213892,0.0,719.0,-0.0232528243213892,9.182193837660323,1.0,1.0
0.0,0.0,0.0,0.0,530.1625,0.36732107400894165,4,-0.024881528690457344,0.0,719.0,-0.024881528690457344,10.9256166749909,1.0,1.0
0.0,0.0,0.0,0.0,530.2625,0.18575972318649292,4,-0.008960047736763954,0.0,719.0,-0.008960047736763954,9.37405364868789,1.0,1.0
0.0,0.0,0.0,0.0,530.3625000000001,0.22850200533866882,4,-0.00957842543721199,0.0,719.0,-0.00957842543721199,5.766051978998021,1.0,1.0
0.0,0.0,0.0,0.0,530.4825000000001,0.20739270746707916,4,-0.014453431591391563,0.0,719.0,-0.014453431591391563,7.207906933753347,1.0,1.0
0.0,0.0,0.0,0.0,530.5625000000001,0.09207190573215485,4,-0.005077550187706947,0.0,719.0,-0.005077550187706947,3.1589002050607684,1.0,1.0
0.0,0.0,0.0,0.0,530.6825000000001,0.08500095456838608,4,-0.006425544153898954,0.0,719.0,-0.006425544153898954,1.9355309406627317,1.0,1.0
0.0,0.0,0.0,0.0,530.7625,0.10299725085496902,4,-0.006740978918969631,0.0,719.0,-0.006740978918969631,5.376064780722384,1.0,1.0
0.0,0.0,0.0,0.0,530.8825,0.15680572390556335,4,-0.007097749505192041,0.0,719.0,-0.007097749505192041,3.9841897558321757,1.0,1.0
0.0,0.0,0.0,0.0,530.9825000000001,0.06397414952516556,4,-0.007031153421849012,0.0,719.0,-0.007031153421849012,2.1393462712209264,1.0,1.0
0.0,0.0,0.0,0.0,531.0825000000001,0.09704320877790451,4,-0.008794797584414482,0.0,719.0,-0.008794797584414482,3.537330123634711,1.0,1.0
0.0,0.0,0.0,0.0,531.1825000000001,0.1254650205373764,4,-0.00376951415091753,0.0,719.0,-0.00376951415091753,4.8922997917664475,1.0,1.0
0.038462527096271515,0.038462527096271515,0.0,0.0,531.2625,0.0695139542222023,4,-0.0036135418340563774,0.0,719.0,-0.0036135418340563774,1.9607729168772559,1.0,1.0
0.24299056828022003,0.24299056828022003,0.0,0.0,531.3825,0.24525204300880432,4,-0.017769083380699158,0.0,719.0,-0.017769083380699158,8.043642103831202,0.35854920744895935,0.35854920744895935
0.44311314821243286,0.44311314821243286,0.0,0.0,531.4825000000001,0.23795083165168762,4,-0.0029747718945145607,0.0,719.0,-0.0029747718945145607,6.064673778667194,0.029535064473748207,0.029535064473748207
0.5502405762672424,0.5502405762672424,0.0,0.0,531.5825000000001,0.05938996747136116,4,0.010793686844408512,0.0,719.0,0.010793686844408512,-0.06332691881359986,0.0,0.0
0.7014288902282715,0.7014288902282715,0.0,0.0,531.6825000000001,0.21813294291496277,4,-0.012906018644571304,0.0,719.0,-0.012906018644571304,3.4285366480684267,0.0,0.0
0.736946702003479,0.736946702003479,0.0,0.0,531.7825,0.14966505765914917,4,-0.019228866323828697,0.0,719.0,-0.019228866323828697,2.8616983298267598,0.0,0.0
0.6194687485694885,0.6194687485694885,0.0,0.0,531.8825,0.264154851436615,4,-0.005602510180324316,0.0,719.0,-0.005602510180324316,6.759553237398621,0.0,0.0
0.5677777528762817,0.5677777528762817,0.0,0.0,531.9825000000001,0.1794431209564209,4,0.0022848378866910934,0.0,719.0,0.0022848378866910934,3.401352100315256,0.0,0.0
0.5441821813583374,0.5441821813583374,0.0,0.0,532.0825000000001,0.19130593538284302,4,-0.007199526764452457,0.0,719.0,-0.007199526764452457,5.557258779977482,0.0,0.0
0.5038732290267944,0.5038732290267944,0.0,0.0,532.1825000000001,0.2152978777885437,4,-0.012255857698619366,0.0,719.0,-0.012255857698619366,7.784732098986679,0.0,0.0
0.4265802800655365,0.4265802800655365,0.0,0.0,532.2825,0.3040555417537689,4,-0.012092169374227524,0.0,719.0,-0.012092169374227524,7.678827338996399,0.0,0.0
0.3905256986618042,0.3905256986618042,0.0,0.0,532.3825,0.250559538602829,4,-0.010813253000378609,0.0,719.0,-0.010813253000378609,6.444292547777533,0.0,0.0
0.43218713998794556,0.43218713998794556,0.0,0.0,532.4825000000001,0.3630965054035187,4,-0.01674901694059372,0.0,719.0,-0.01674901694059372,10.015638319816661,0.0,0.0
0.5083001255989075,0.5083001255989075,0.0,0.0,532.6025000000001,0.39292895793914795,4,-0.01370654720813036,0.0,719.0,-0.01370654720813036,10.581441293391999,0.0,0.0
0.5711327195167542,0.5711327195167542,0.0,0.0,532.6825000000001,0.2978554964065552,4,-0.009836174547672272,0.0,719.0,-0.009836174547672272,9.333381988977909,0.0,0.0
0.7151617407798767,0.7151617407798767,0.0,0.0,532.7825,0.2527073919773102,4,-0.011984606273472309,0.0,719.0,-0.011984606273472309,8.590503030795487,0.0,0.0
0.9019131660461426,0.9019131660461426,0.0,0.0,532.9025,0.3666140139102936,4,-0.025852728635072708,0.0,719.0,-0.025852728635072708,9.177586626592038,0.0,0.0
0.9448304176330566,0.9448304176330566,0.0,0.0,532.9825000000001,-0.06933540105819702,4,-0.029922982677817345,0.0,719.0,-0.029922982677817345,6.016645034633114,0.0,0.0
0.9742024540901184,0.9742024540901184,0.0,0.0,533.0825000000001,-0.19825562834739685,4,-0.024937471374869347,0.0,719.0,-0.024937471374869347,8.102328933466337,0.0,0.0
0.9293426871299744,0.9293426871299744,0.0,0.0,533.1825000000001,0.03415505215525627,4,-0.024750450626015663,0.0,719.0,-0.024750450626015663,9.019494485837907,0.0,0.0
0.8396047353744507,0.8396047353744507,0.0,0.0,533.2825,0.21376726031303406,4,-0.024433912709355354,0.0,719.0,-0.024433912709355354,15.105538429581348,0.0,0.0
0.781082034111023,0.781082034111023,0.0,0.0,533.4025,0.2821648120880127,4,-0.02352297306060791,0.0,719.0,-0.02352297306060791,3.9789455807955982,0.0,0.0
0.7629358768463135,0.7629358768463135,0.0,0.0,533.4825000000001,0.23982173204421997,4,-0.025630619376897812,0.0,719.0,-0.025630619376897812,8.079285634888913,0.0,0.0
0.6857807636260986,0.6857807636260986,0.0,0.0,533.6025000000001,0.5001368522644043,4,-0.03324735909700394,0.0,719.0,-0.03324735909700394,1.8368868723866427,0.0,0.0
0.6012406945228577,0.6012406945228577,0.0,0.0,533.6825000000001,0.19501735270023346,4,-0.022756246849894524,0.0,719.0,-0.022756246849894524,8.077962769770549,0.0,0.0
0.5484071373939514,0.5484071373939514,0.0,0.0,533.8025,0.1527457982301712,4,-0.010796993970870972,0.0,719.0,-0.010796993970870972,5.97057587021662,0.0,0.0
0.5182374715805054,0.5182374715805054,0.0,0.0,533.9025,0.13317713141441345,4,-0.011435304768383503,0.0,719.0,-0.011435304768383503,3.28074753247056,0.0,0.0
0.42093244194984436,0.42093244194984436,0.0,0.0,534.0025,0.09169063717126846,4,-0.010280300863087177,0.0,719.0,-0.010280300863087177,3.2715177720178135,0.0,0.0
0.27179625630378723,0.27179625630378723,0.0,0.0,534.1025000000001,0.055697448551654816,4,-0.005625933408737183,0.0,719.0,-0.005625933408737183,1.7087480365613916,0.0,0.0
0.14379355311393738,0.14379355311393738,0.0,0.0,534.2025000000001,-0.013696793466806412,4,0.00016828105435706675,0.0,719.0,0.00016828105435706675,-0.034469851457486975,0.0011234497651457787,0.0011234497651457787
0.025651533156633377,0.025651533156633377,0.0,0.0,534.3025,-0.0049843681044876575,4,-0.001437186379916966,0.0,719.0,-0.001437186379916966,-0.11692412275837658,0.028136348351836205,0.028136348351836205
0.0,0.0,0.0,0.0,534.4025,0.018756413832306862,4,-0.003353679785504937,0.0,719.0,-0.003353679785504937,0.23703708257329562,0.05241328850388527,0.05241328850388527
0.0,0.0,0.0,0.0,534.5025,0.04238354414701462,4,-0.006404233165085316,0.0,719.0,-0.006404233165085316,1.3081210604399784,0.05238422378897667,0.05238422378897667
0.0,0.0,0.0,0.0,534.6025000000001,0.06707245856523514,4,-0.011092403903603554,0.0,719.0,-0.011092403903603554,1.7208991626506285,0.06870377063751221,0.06870377063751221
0.0,0.0,0.9166666666666666,0.0,534.7025000000001,0.08601957559585571,4,-0.015162931755185127,0.0,719.0,-0.015162931755185127,2.4848293781849633,0.03508320741173844,0.1215079128742218
0.0,0.0,0.0,0.0,534.8025,0.10501847416162491,4,-0.017020728439092636,0.0,719.0,-0.017020728439092636,3.009033353807941,0.14505495131015778,0.14505495131015778
0.0,0.0,0.0,0.0,534.9025,0.1234336718916893,4,-0.01958361640572548,0.0,719.0,-0.01958361640572548,3.8074331588062096,0.14825843274593353,0.14825843274593353
0.06536069512367249,0.06536069512367249,0.0,0.0,535.0025,0.18258583545684814,4,-0.027614811435341835,0.0,719.0,-0.027614811435341835,5.218531833310497,0.08160383999347687,0.08160383999347687
0.11703585088253021,0.11703585088253021,0.0,0.0,535.1025000000001,0.27216532826423645,4,-0.03815377876162529,0.0,719.0,-0.03815377876162529,7.801287030847666,0.0028409194201231003,0.0028409194201231003
0.15041764080524445,0.15041764080524445,1.0,0.0,535.2025000000001,0.36443856358528137,4,-0.04727659747004509,0.0,719.0,-0.04727659747004509,10.053777080736923,0.808080792427063,0.0
0.15035589039325714,0.15035589039325714,0.0,0.0,535.3025,0.4420129358768463,4,-0.05749296769499779,0.0,719.0,-0.05749296769499779,13.19794764917859,0.0,0.0
0.11587738990783691,0.11587738990783691,0.0,0.0,535.4025,0.5532713532447815,4,-0.07713647186756134,0.0,719.0,-0.07713647186756134,14.813508257138317,0.0,0.0
0.025146223604679108,0.025146223604679108,0.0,0.0,535.5225,0.6582092642784119,4,-0.11422654986381531,0.0,719.0,-0.11422654986381531,18.104491447990554,0.0,0.0
0.0,0.0,0.0,0.0,535.6025000000001,0.7538824677467346,4,-0.14471565186977386,0.0,719.0,-0.14471565186977386,20.691321169324095,0.0,0.0
0.0,0.0,0.0,0.0,535.7225000000001,0.6039296388626099,4,-0.18208184838294983,0.0,719.0,-0.18208184838294983,18.796716206200937,0.0,0.0
0.0,0.0,0.0,0.0,535.8025,0.584169864654541,4,-0.20233307778835297,0.0,719.0,-0.20233307778835297,17.652989102231476,0.0,0.0
0.0,0.0,0.0,0.0,535.9025,0.5917951464653015,4,-0.22946786880493164,0.0,719.0,-0.22946786880493164,17.022875579331316,0.0,0.0
0.0,0.0,0.0,0.0,536.0225,0.530600905418396,4,-0.2457149773836136,0.0,719.0,-0.2457149773836136,16.41626863815049,0.01148176472634077,0.01148176472634077
0.0,0.0,0.0,0.0,536.1025000000001,0.6040834784507751,4,-0.2531326413154602,0.0,719.0,-0.2531326413154602,14.916017547136775,0.13414962589740753,0.13414962589740753
0.0,0.0,0.0,0.0,536.2225000000001,0.6707303524017334,4,-0.25745946168899536,0.0,719.0,-0.25745946168899536,21.167844931063435,0.30392158031463623,0.30392158031463623
0.0,0.0,0.0,0.0,536.3225000000001,0.5621421337127686,4,-0.24365417659282684,0.0,719.0,-0.24365417659282684,17.528710012261016,0.3658730685710907,0.3658730685710907
0.0,0.0,0.0,0.0,536.4225,0.2737882435321808,4,-0.19028878211975098,0.0,719.0,-0.19028878211975098,13.782503968502576,0.2550102542586798,0.364766925573349
0.0,0.0,0.0,0.0,536.5225,0.582780122756958,4,-0.18060608208179474,0.0,719.0,-0.18060608208179474,49.688624857088165,0.36419785022735596,0.36419785022735596
0.0,0.0,0.0,0.0,536.6025000000001,0.4177667498588562,4,-0.1670224368572235,0.0,719.0,-0.1670224368572235,25.17818059516752,0.25531961148041626,0.3652094304561615
0.0,0.0,0.0,0.0,536.7225000000001,0.2680943012237549,4,-0.19604073464870453,0.0,719.0,-0.19604073464870453,3.8759883223610396,0.36583060026168823,0.36583060026168823
0.0,0.0,0.0,0.0,536.8225000000001,0.020265303552150726,4,-0.22330069541931152,0.0,719.0,-0.22330069541931152,0.7169458282113886,0.3636613190174103,0.3636613190174103
0.0,0.0,0.0,0.0,536.9225,0.9675542116165161,4,-0.2070947289466858,0.0,719.0,-0.2070947289466858,23.76347129397269,0.3653966784477234,0.3653966784477234
0.0,0.0,0.0,0.0,537.0225,0.4658735394477844,4,-0.12461671233177185,0.0,719.0,-0.12461671233177185,27.101099931878753,0.36126479506492615,0.36126479506492615
0.0,0.0,0.0,0.0,537.1225000000001,0.30209091305732727,4,-0.11116994917392731,0.0,719.0,-0.11116994917392731,7.761290832460762,0.3490884304046631,0.3490884304046631
0.0,0.0,0.0,0.0,537.2225000000001,0.9541977047920227,4,-0.12173527479171753,0.0,719.0,-0.12173527479171753,35.058701882006076,0.3622056543827057,0.3622056543827057
0.0,0.0,0.0,0.0,537.3225000000001,0.3537876605987549,4,-0.08587523549795151,0.0,719.0,-0.08587523549795151,8.702539271585282,0.4015346169471741,0.4015346169471741
0.0,0.0,0.0,0.0,537.4225,0.35581740736961365,4,-0.0804484486579895,0.0,719.0,-0.0804484486579895,14.041708285802756,0.49093499779701233,0.49093499779701233
0.0,0.0,0.0,0.0,537.5225,0.08923937380313873,4,-0.03209419175982475,0.0,719.0,-0.03209419175982475,4.5560087748696505,0.5321488976478577,0.5321488976478577
0.0,0.0,0.0,0.0,537.6225000000001,-0.12072351574897766,4,0.014656251296401024,0.0,719.0,0.014656251296401024,-2.598070278326701,0.5439392328262329,0.5439392328262329
0.0,0.0,0.0,0.0,537.7225000000001,-0.3129342794418335,4,0.05041542276740074,0.0,719.0,0.05041542276740074,-8.0917152974492,0.517047107219696,0.517047107219696
0.0,0.0,0.0,0.0,537.8225000000001,-0.45472151041030884,4,0.0816139280796051,0.0,719.0,0.0816139280796051,-11.965229651675052,0.3877856135368347,0.3877856135368347
0.0,0.0,0.0,0.0,537.9225,-0.5101621150970459,4,0.09853921830654144,0.0,719.0,0.09853921830654144,-14.257669669656925,0.2794445753097534,0.2794445753097534
0.0,0.0,0.0,0.0,538.0225,-0.7437636852264404,4,0.12429448962211609,0.0,719.0,0.12429448962211609,-20.795719495444363,0.28631243109703064,0.28631243109703064
0.0,0.0,0.0,0.0,538.1225000000001,-0.5083808302879333,4,0.1422707885503769,0.0,719.0,0.1422707885503769,-14.52477185922889,0.3768564760684967,0.3768564760684967
0.0,0.0,0.0,0.0,538.2425000000001,-0.5825936198234558,4,0.17790138721466064,0.0,719.0,0.17790138721466064,-16.503801071495953,0.40715646743774414,0.40715646743774414
0.0,0.0,0.0,0.0,538.3225000000001,-0.5912842750549316,4,0.17543649673461914,0.0,719.0,0.17543649673461914,-19.26819872611588,0.40780389308929443,0.40780389308929443
0.0,0.0,0.0,0.0,538.4425000000001,-0.6198043823242188,4,0.13632915914058685,0.0,719.0,0.13632915914058685,-19.995055447118713,0.42495542764663696,0.42495542764663696
0.0,0.0,0.0,0.0,538.5225,-0.5022703409194946,4,0.13585737347602844,0.0,719.0,0.13585737347602844,-17.877547669072257,0.4268934726715088,0.4268934726715088
0.0,0.0,0.0,0.0,538.6425,-0.5388352274894714,4,0.15432660281658173,0.0,719.0,0.15432660281658173,-16.0094745812371,0.39246219396591187,0.39246219396591187
0.0,0.0,0.0,0.0,538.7225000000001,-1.0,4,0.1495937705039978,0.0,719.0,0.1495937705039978,-25.005631940723067,0.38990136981010437,0.38990136981010437
0.0,0.0,0.0,0.0,538.8425000000001,-0.5657114386558533,4,0.06759239733219147,0.0,719.0,0.06759239733219147,-10.38368730491402,0.3911207914352417,0.3911207914352417
0.0,0.0,0.0,0.0,538.9425000000001,-0.16762913763523102,4,0.07719801366329193,0.0,719.0,0.07719801366329193,-6.239234918686566,0.39133220911026,0.39133220911026
0.0,0.0,0.0,0.0,539.0225,-0.9682815670967102,4,0.13182874023914337,0.0,719.0,0.13182874023914337,-15.110005739809656,0.3896709680557251,0.3896709680557251
0.0,0.0,0.0,0.0,539.1425,-0.5245674848556519,4,0.1085251197218895,0.0,719.0,0.1085251197218895,-20.751585976734166,0.3903219997882843,0.3903219997882843
0.0,0.0,0.0,0.0,539.2225000000001,-0.14010219275951385,4,0.02940160222351551,0.0,719.0,0.02940160222351551,-6.487100767703853,0.43902722001075745,0.43902722001075745
0.0,0.0,0.0,0.0,539.3425000000001,-0.34946128726005554,4,0.04207761213183403,0.0,719.0,0.04207761213183403,-8.92105516361342,0.6936370134353638,0.6936370134353638
0.0,0.0,0.0,0.0,539.4425000000001,-0.426584929227829,4,0.08059082925319672,0.0,719.0,0.08059082925319672,-13.511985756615044,0.8216742873191833,0.8216742873191833
0.0,0.0,0.0,0.0,539.5425,-0.30668044090270996,4,0.06451116502285004,0.0,719.0,0.06451116502285004,-8.89305372410858,0.8775291442871094,0.8775291442871094
0.0,0.0,0.0,0.0,539.6425,-0.2500644326210022,4,0.048293907195329666,0.0,719.0,0.048293907195329666,-7.891383250269839,0.9834808707237244,0.9834808707237244
0.0,0.0,0.0,0.0,539.7425000000001,-0.3779307007789612,4,0.055548734962940216,0.0,719.0,0.055548734962940216,-9.147855339913484,1.0,1.0
0.0,0.0,0.0,0.0,539.8425000000001,-0.3551770746707916,4,0.0688197910785675,0.0,719.0,0.0688197910785675,-10.856879259643382,1.0,1.0
0.0,0.0,0.0,0.0,539.9425000000001,-0.5939164757728577,4,0.10914772003889084,0.0,719.0,0.10914772003889084,-16.030818577489907,0.998927652835846,0.998927652835846
0.0,0.0,0.0,0.0,540.0425,-0.489279568195343,4,0.14080439507961273,0.0,719.0,0.14080439507961273,-11.980022802670318,0.6474967002868652,0.6474967002868652
0.0,0.0,0.0,0.0,540.1425,-0.636560320854187,4,0.13708916306495667,0.0,719.0,0.13708916306495667,-22.809871348461236,0.40062272548675537,0.40062272548675537
0.0,0.0,0.0,0.0,540.2425000000001,-0.5433176755905151,4,0.08760131895542145,0.0,719.0,0.08760131895542145,-16.946794553622716,0.3786831498146057,0.3786831498146057
0.0,0.0,0.0,0.0,540.3425000000001,-0.5199795961380005,4,0.05167698115110397,0.0,719.0,0.05167698115110397,-15.619884142476916,0.3786831498146057,0.3786831498146057
0.0,0.0,0.0,0.0,540.4425000000001,-0.547440230846405,4,0.058724578469991684,0.0,719.0,0.058724578469991684,-16.483585805418148,0.3764927387237549,0.3764927387237549
0.0,0.0,0.0,0.0,540.5625000000001,-0.4527778923511505,4,0.0642286166548729,0.0,719.0,0.0642286166548729,-13.701743896589772,0.37436917424201965,0.37436917424201965
0.0,0.0,0.0,0.0,540.6425,-0.2873331606388092,4,0.045173726975917816,0.0,719.0,0.045173726975917816,-10.15023900402636,0.3760657012462616,0.3760657012462616
0.0,0.0,0.0,0.0,540.7425000000001,-0.2747211754322052,4,0.034866511821746826,0.0,719.0,0.034866511821746826,-8.846689224510012,0.3910216689109802,0.3910216689109802
0.0,0.0,0.0,0.0,540.8625000000001,-0.05678011476993561,4,0.015104510821402073,0.0,719.0,0.015104510821402073,-3.2333758218710034,0.3926238715648651,0.3926238715648651
0.0,0.0,0.0,0.0,540.9425000000001,0.09324601292610168,4,-0.004713063593953848,0.0,719.0,-0.004713063593953848,0.21386097225113282,0.3928129971027374,0.3928129971027374
0.0,0.0,0.0,0.0,541.0625000000001,0.25493231415748596,4,-0.04475541412830353,0.0,719.0,-0.04475541412830353,10.259347509888034,0.3930514454841614,0.3930514454841614
0.0,0.0,0.0,0.0,541.1425,0.5568608045578003,4,-0.0729612335562706,0.0,719.0,-0.0729612335562706,15.601850191006754,0.3905099034309387,0.3905099034309387
0.0,0.0,0.0,0.0,541.2425000000001,0.6700652241706848,4,-0.08625157177448273,0.0,719.0,-0.08625157177448273,19.00951234007837,0.39221835136413574,0.39221835136413574
0.0,0.0,0.0,0.0,541.3625000000001,0.6274269819259644,4,-0.10109401494264603,0.0,719.0,-0.10109401494264603,15.024406710554222,0.2910933494567871,0.2910933494567871
0.0,0.0,0.0,0.0,541.4425000000001,0.49394550919532776,4,-0.1187952309846878,0.0,719.0,-0.1187952309846878,15.66651193994355,0.14713655412197113,0.14713655412197113
0.0,0.0,0.0,0.0,541.5625000000001,0.6885226964950562,4,-0.13971185684204102,0.0,719.0,-0.13971185684204102,20.903190387775265,0.1115129292011261,0.1115129292011261
0.0,0.0,0.0,0.0,541.6625,0.79045170545578,4,-0.13063350319862366,0.0,719.0,-0.13063350319862366,18.666192364380905,0.17279085516929626,0.17279085516929626
0.0,0.0,0.0,0.0,541.7425000000001,0.6360393166542053,4,-0.11982585489749908,0.0,719.0,-0.11982585489749908,21.22845311255812,0.25145673751831055,0.25145673751831055
0.0,0.0,0.0,0.0,541.8625000000001,0.6406152248382568,4,-0.13973060250282288,0.0,719.0,-0.13973060250282288,22.0474808551004,0.40115392208099365,0.40115392208099365
0.0,0.0,0.0,0.0,541.9625000000001,0.5085984468460083,4,-0.18272742629051208,0.0,719.0,-0.18272742629051208,12.940384236456687,0.35250088572502136,0.35250088572502136
0.0,0.0,0.0,0.0,542.0625000000001,0.5686818361282349,4,-0.23037207126617432,0.0,719.0,-0.23037207126617432,13.896303312709056,0.32211145758628845,0.32211145758628845
0.0,0.0,0.0,0.0,542.1625,0.434486448764801,4,-0.23759640753269196,0.0,719.0,-0.23759640753269196,15.55984560112833,0.34729859232902527,0.34729859232902527
0.0,0.0,0.0,0.0,542.2625,0.6479025483131409,4,-0.23644664883613586,0.0,719.0,-0.23644664883613586,18.373595114147296,0.3604087829589844,0.3604087829589844
0.0,0.0,0.0,0.0,542.3625000000001,0.6020973324775696,4,-0.23790064454078674,0.0,719.0,-0.23790064454078674,17.70714375809824,0.35888150334358215,0.35888150334358215
0.0,0.0,0.0,0.0,542.4625000000001,0.5336238145828247,4,-0.23858460783958435,0.0,719.0,-0.23858460783958435,17.956942992488834,0.35967257618904114,0.35967257618904114
0.0,0.0,0.0,0.0,542.5625000000001,0.6884201765060425,4,-0.2376263439655304,0.0,719.0,-0.2376263439655304,25.834731738723093,0.2797598737447068,0.4001688063144684
0.0,0.0,0.0,0.0,542.6625,0.5665538311004639,4,-0.20786255598068237,0.0,719.0,-0.20786255598068237,5.467903283422705,0.4689969240309194,0.6708536744117737
0.0,0.0,0.0,0.0,542.7625,0.47628629207611084,4,-0.13737815618515015,0.0,719.0,-0.13737815618515015,14.539775708635732,0.6231899140664312,0.8914114832878113
0.0,0.0,0.0,0.0,542.8625000000001,0.6711909174919128,4,-0.09687064588069916,0.0,719.0,-0.09687064588069916,16.614316971804744,0.6607750663722671,0.9451733231544495
0.0,0.0,0.0,0.0,542.9625000000001,0.2500030994415283,4,-0.07363325357437134,0.0,719.0,-0.07363325357437134,11.978422728252161,0.49521578197077265,0.7083571553230286
0.0,0.0,0.0,0.0,543.0625000000001,0.5035772919654846,4,0.03062898851931095,0.0,719.0,0.03062898851931095,12.734621931755424,0.20766586918331859,0.2970454692840576
0.0,0.0,0.0,0.0,543.1625,0.5712411403656006,4,0.13855722546577454,0.0,719.0,0.13855722546577454,11.208777001646677,0.0832323959121524,0.11905570328235626
0.0,0.0,0.0,0.0,543.2625,0.41179969906806946,4,0.16668826341629028,0.0,719.0,0.16668826341629028,14.247353769087404,0.024152911950249312,0.03454834967851639
0.0,0.0,0.0,0.0,543.3625000000001,0.5696004033088684,4,0.11681976169347763,0.0,719.0,0.11681976169347763,15.621444812003432,0.011162080680041812,0.015966251492500305
0.0,0.0,0.0,0.0,543.4625000000001,0.3640340566635132,4,0.06226050481200218,0.0,719.0,0.06226050481200218,13.727197647369598,0.004599199164658785,0.004599199164658785
0.0,0.0,0.0,0.0,543.5825000000001,0.4452202022075653,4,0.024451090022921562,0.0,719.0,0.024451090022921562,13.700136938503098,0.0,0.0
0.0,0.0,0.0,0.0,543.6625,0.45659878849983215,4,0.03196109086275101,0.0,719.0,0.03196109086275101,13.585606304541772,0.0,0.0
0.0,0.0,0.0,0.0,543.7625,0.3268290162086487,4,0.07861205190420151,0.0,719.0,0.07861205190420151,10.224525506416839,0.0,0.0
0.0,0.0,0.0,0.0,543.8825,0.42586931586265564,4,0.11129826307296753,0.0,719.0,0.11129826307296753,12.67587710566273,0.0,0.0
0.0,0.0,0.0,0.0,543.9625000000001,0.3256610631942749,4,0.10206374526023865,0.0,719.0,0.10206374526023865,9.675832598067114,0.0,0.0
0.0,0.0,0.0,0.0,544.0825000000001,0.39436468482017517,4,0.06268525123596191,0.0,719.0,0.06268525123596191,12.453960601821956,0.0,0.0
0.0,0.0,0.0,0.0,544.1625,0.31437766551971436,4,0.04608053341507912,0.0,719.0,0.04608053341507912,10.304228652748249,0.0,0.0
0.0,0.0,0.0,0.0,544.2825,0.34043335914611816,4,0.026839543133974075,0.0,719.0,0.026839543133974075,11.211724894764657,0.0,0.0
0.0,0.0,0.0,0.0,544.3625000000001,0.37055814266204834,4,0.018782811239361763,0.0,719.0,0.018782811239361763,10.298686517465704,0.0,0.0
0.0,0.0,0.0,0.0,544.4825000000001,0.34776750206947327,4,0.005761237815022469,0.0,719.0,0.005761237815022469,10.360798300036732,0.00010007400851463899,0.00010007400851463899
0.0,0.0,0.0,0.0,544.5625000000001,0.32968762516975403,4,-0.008360316976904869,0.0,719.0,-0.008360316976904869,11.440038218438803,0.0,0.0
0.0,0.0,0.0,0.0,544.6825000000001,0.3080322742462158,4,-0.03636818006634712,0.0,719.0,-0.03636818006634712,9.838509988426816,0.0,0.0
0.0,0.0,1.0,0.0,544.7825,0.3926955461502075,4,-0.06355604529380798,0.0,719.0,-0.06355604529380798,11.4547807181279,0.0,0.0
0.0,0.0,1.0,0.0,544.8825,0.3913107216358185,4,-0.07643000781536102,0.0,719.0,-0.07643000781536102,11.209628635297607,0.0,0.0
0.05693952366709709,0.05693952366709709,1.0,0.0,544.9825000000001,0.4002443850040436,4,-0.0748148038983345,0.0,719.0,-0.0748148038983345,11.810637399647684,0.0,0.0
0.1934693604707718,0.1934693604707718,1.0,0.0,545.0825000000001,0.38938307762145996,4,-0.07357363402843475,0.0,719.0,-0.07357363402843475,11.87747742928166,0.0,0.0
0.24105365574359894,0.24105365574359894,1.0,0.0,545.1825000000001,0.42066165804862976,4,-0.0777500718832016,0.0,719.0,-0.0777500718832016,12.320536276210412,0.0,0.0
0.2737601399421692,0.2737601399421692,1.0,0.0,545.2825,0.418319433927536,4,-0.07566694915294647,0.0,719.0,-0.07566694915294647,12.882241052296761,0.0,0.0
0.26962125301361084,0.26962125301361084,1.0,0.0,545.3825,0.39111563563346863,4,-0.07645490020513535,0.0,719.0,-0.07645490020513535,12.114639465765471,0.0,0.0
0.25073516368865967,0.25073516368865967,1.0,0.0,545.4825000000001,0.4043167233467102,4,-0.08145648241043091,0.0,719.0,-0.08145648241043091,12.338717353249693,0.0,0.0
0.2509506344795227,0.2509506344795227,1.0,0.0,545.5825000000001,0.47269701957702637,4,-0.08362558484077454,0.0,719.0,-0.08362558484077454,13.603821129850346,0.0,0.0
0.2572489380836487,0.2572489380836487,1.0,0.0,545.6825000000001,0.4528367817401886,4,-0.07755047082901001,0.0,719.0,-0.07755047082901001,14.047152726788452,0.0,0.0
0.25954118371009827,0.25954118371009827,1.0,0.0,545.7825,0.6095629930496216,4,-0.0740506500005722,0.0,719.0,-0.0740506500005722,13.642303818487546,0.0,0.0
0.25236940383911133,0.25236940383911133,1.0,0.0,545.8825,0.47565269470214844,4,-0.0707295760512352,0.0,719.0,-0.0707295760512352,12.091971625010249,0.0,0.0
0.23444361984729767,0.23444361984729767,1.0,0.0,545.9825000000001,0.4339222013950348,4,-0.06930488348007202,0.0,719.0,-0.06930488348007202,13.517189958564742,0.0,0.0
0.19688542187213898,0.19688542187213898,1.0,0.0,546.0825000000001,0.4128892421722412,4,-0.0702742412686348,0.0,719.0,-0.0702742412686348,15.120555057226179,0.0,0.0
0.18658952414989471,0.18658952414989471,1.0,0.0,546.1825000000001,0.4117041826248169,4,-0.06601293385028839,0.0,719.0,-0.06601293385028839,13.944462369744102,0.0,0.0
0.19680361449718475,0.19680361449718475,1.0,0.0,546.3025000000001,0.5039453506469727,4,-0.06270278990268707,0.0,719.0,-0.06270278990268707,12.643738892982823,0.0,0.0
0.20844674110412598,0.20844674110412598,1.0,0.0,546.3825,0.05528053641319275,4,-0.060868047177791595,0.0,719.0,-0.060868047177791595,7.933500320622411,0.0,0.0
0.2196892350912094,0.2196892350912094,1.0,0.0,546.5025,-0.20712779462337494,4,-0.12992408871650696,0.0,719.0,-0.12992408871650696,-4.636133729994401,0.0,0.0
0.24042756855487823,0.24042756855487823,1.0,0.0,546.5825000000001,0.0009965916397050023,4,-0.19717101752758026,0.0,719.0,-0.19717101752758026,1.5391777971909237,0.0,0.0
0.276279479265213,0.276279479265213,1.0,0.0,546.6825000000001,0.09774065762758255,4,-0.2049841582775116,0.0,719.0,-0.2049841582775116,2.0909475337021215,0.0,0.0
0.32630738615989685,0.32630738615989685,1.0,0.0,546.8025000000001,-0.005571015644818544,4,-0.15469126403331757,0.0,719.0,-0.15469126403331757,7.3195430557563474,0.0,0.0
0.30863136053085327,0.30863136053085327,1.0,0.0,546.8825,0.4266277253627777,4,-0.1495225876569748,0.0,719.0,-0.1495225876569748,6.387689033134721,0.0,0.0
0.2860358655452728,0.2860358655452728,1.0,0.0,547.0025,0.10671202093362808,4,-0.16641765832901,0.0,719.0,-0.16641765832901,7.3512618581931015,0.0,0.0
0.31386005878448486,0.31386005878448486,1.0,0.0,547.0825000000001,-0.1792553961277008,4,-0.16404950618743896,0.0,719.0,-0.16404950618743896,-6.036638355324724,0.0,0.0
0.388154000043869,0.388154000043869,1.0,0.0,547.1825000000001,0.11842972785234451,4,-0.1514693945646286,0.0,719.0,-0.1514693945646286,2.3359323737206728,0.0,0.0
0.501020610332489,0.501020610332489,1.0,0.0,547.3025000000001,-0.20075608789920807,4,-0.1450228989124298,0.0,719.0,-0.1450228989124298,2.0160022179062036,0.0,0.0
0.5726220607757568,0.5726220607757568,1.0,0.0,547.3825,0.09193376451730728,4,-0.1510472297668457,0.0,719.0,-0.1510472297668457,2.6135811393827426,0.0,0.0
0.6559472680091858,0.6559472680091858,1.0,0.0,547.5025,-0.19684478640556335,4,-0.15204910933971405,0.0,719.0,-0.15204910933971405,-0.726529642934456,0.0,0.0
0.6871184706687927,0.6871184706687927,1.0,0.0,547.5825000000001,-0.2756226062774658,4,-0.13517175614833832,0.0,719.0,-0.13517175614833832,18.95902974715968,0.0,0.0
0.7246098518371582,0.7246098518371582,1.0,0.0,547.7025000000001,-0.07353416085243225,4,-0.1302824318408966,0.0,719.0,-0.1302824318408966,-6.8046979560052065,0.0,0.0
0.7339861392974854,0.7339861392974854,1.0,0.0,547.8025000000001,0.009050945751369,4,-0.13355857133865356,0.0,719.0,-0.13355857133865356,1.0553245875106718,0.0,0.0
0.7350425124168396,0.7350425124168396,1.0,0.0,547.8825,0.015423539094626904,4,-0.13439172506332397,0.0,719.0,-0.13439172506332397,1.3019546430228572,0.0,0.0
0.6826165914535522,0.6826165914535522,1.0,0.0,548.0025,-0.025789901614189148,4,-0.12599410116672516,0.0,719.0,-0.12599410116672516,-1.197383988322154,0.0,0.0
0.5485861301422119,0.5485861301422119,1.0,0.0,548.1025000000001,-0.11571227759122849,4,-0.10803937911987305,0.0,719.0,-0.10803937911987305,-10.522148556634079,0.0,0.0
0.31855201721191406,0.31855201721191406,1.0,0.0,548.2025000000001,-0.14311397075653076,4,-0.10247829556465149,0.0,719.0,-0.10247829556465149,-13.785489717315485,0.0,0.0
0.029605431482195854,0.029605431482195854,1.0,0.0,548.3025000000001,-0.1320839524269104,4,-0.0977199524641037,0.0,719.0,-0.0977199524641037,-15.555702489977113,0.0,0.0
0.0,0.0,1.0,0.0,548.4025,-0.18345390260219574,4,-0.08598344773054123,0.0,719.0,-0.08598344773054123,-17.530406784438675,0.0,0.0
0.0,0.0,1.0,0.0,548.5025,-0.1970493197441101,4,-0.08087953180074692,0.0,719.0,-0.08087953180074692,-19.13033560483405,0.0,0.0
0.0,0.0,1.0,0.0,548.6025000000001,-0.21907773613929749,4,-0.0696367621421814,0.0,719.0,-0.0696367621421814,-20.91767427988403,0.0,0.0
0.0,0.0,1.0,0.0,548.7025000000001,-0.20814897119998932,4,-0.06315481662750244,0.0,719.0,-0.06315481662750244,-20.93222590054193,0.0,0.0
0.0,0.0,1.0,0.0,548.8025000000001,-0.21112489700317383,4,-0.06352940946817398,0.0,719.0,-0.06352940946817398,-20.556728519663405,0.0,0.0
0.0,0.0,1.0,0.0,548.9025,-0.2144082486629486,4,-0.053750090301036835,0.0,719.0,-0.053750090301036835,-21.451774202522234,0.0,0.0
0.0,0.0,1.0,0.0,549.0025,-0.26665446162223816,4,-0.02511245757341385,0.0,719.0,-0.02511245757341385,-25.72137875177878,0.0,0.0
0.0,0.0,1.0,0.0,549.1025000000001,-0.21444492042064667,4,-0.012341376394033432,0.0,719.0,-0.012341376394033432,-22.249757136452505,0.0,0.0
0.0,0.0,1.0,0.0,549.2025000000001,-0.08676941692829132,4,-0.035211894661188126,0.0,719.0,-0.035211894661188126,-11.437281936309489,0.0,0.0
0.0,0.0,1.0,0.0,549.3025000000001,-0.012867999263107777,4,-0.05628928169608116,0.0,719.0,-0.05628928169608116,-1.6844569685906294,0.0,0.0
0.0,0.0,1.0,0.0,549.4025,0.06268344074487686,4,-0.08358525484800339,0.0,719.0,-0.08358525484800339,5.989919599169593,0.0,0.0
0.0,0.0,1.0,0.0,549.5025,0.05181786045432091,4,-0.08276855945587158,0.0,719.0,-0.08276855945587158,5.6345799353783725,0.0,0.0
0.0,0.0,1.0,0.0,549.6225000000001,-0.013241995126008987,4,-0.07029252499341965,0.0,719.0,-0.07029252499341965,-0.849812033565491,0.0,0.0
0.0,0.0,1.0,0.0,549.7025000000001,-0.06483634561300278,4,-0.06074082851409912,0.0,719.0,-0.06074082851409912,-6.325788188274645,0.0,0.0
0.0,0.0,1.0,0.0,549.8225000000001,-0.12467418611049652,4,-0.04960773140192032,0.0,719.0,-0.04960773140192032,-12.175396151738815,0.0,0.0
0.0,0.0,1.0,0.0,549.9025,-0.15775567293167114,4,-0.044843778014183044,0.0,719.0,-0.044843778014183044,-14.77322966870173,0.0,0.0
0.0,0.0,1.0,0.0,550.0225,-0.20649319887161255,4,-0.028602726757526398,0.0,719.0,-0.028602726757526398,-20.375864942638433,0.0,0.0
0.0,0.0,1.0,0.0,550.1025000000001,-0.05724424868822098,4,-0.04182161018252373,0.0,719.0,-0.04182161018252373,-14.013717734930959,0.0,0.0
0.0,0.0,1.0,0.0,550.2225000000001,0.07383309304714203,4,-0.09893282502889633,0.0,719.0,-0.09893282502889633,8.141065551104703,0.0,0.0
0.0,0.0,1.0,0.0,550.3225000000001,-0.07625193148851395,4,-0.057363361120224,0.0,719.0,-0.057363361120224,-8.70208854811378,0.0,0.0
0.0,0.0,1.0,0.0,550.4025,0.09452826529741287,4,-0.09967805445194244,0.0,719.0,-0.09967805445194244,8.731580552040631,0.0,0.0
0.0,0.0,1.0,0.0,550.5225,-0.11220932006835938,4,-0.05139084905385971,0.0,719.0,-0.05139084905385971,-11.74825809049434,0.0,0.0
0.0,0.0,1.0,0.0,550.6225000000001,0.10281140357255936,4,-0.10833809524774551,0.0,719.0,-0.10833809524774551,11.645490670096873,0.0,0.0
0.0,0.0,1.0,0.0,550.7225000000001,-0.11219056695699692,4,-0.06502189487218857,0.0,719.0,-0.06502189487218857,-8.234810990974973,0.0,0.0
0.0,0.0,1.0,0.0,550.8225000000001,0.10177476704120636,4,-0.0973270833492279,0.0,719.0,-0.0973270833492279,6.901796346811165,0.0,0.0
0.0,0.0,1.0,0.0,550.9225,-0.09318681061267853,4,-0.07379262149333954,0.0,719.0,-0.07379262149333954,-4.712579888646525,0.0,0.0
0.0,0.0,1.0,0.0,551.0225,0.07434999942779541,4,-0.08508389443159103,0.0,719.0,-0.08508389443159103,2.739446571899752,0.0,0.0
0.0,0.0,1.0,0.0,551.1225000000001,-0.021998466923832893,4,-0.09920811653137207,0.0,719.0,-0.09920811653137207,2.940238855181329,0.0,0.0
0.0,0.0,1.0,0.0,551.2225000000001,-0.02446831949055195,4,-0.06249638646841049,0.0,719.0,-0.06249638646841049,-8.762685121915991,0.0,0.0
0.0,0.0,1.0,0.0,551.3225000000001,0.07542199641466141,4,-0.12032940983772278,0.0,719.0,-0.12032940983772278,12.121832811760846,0.0,0.0
0.0,0.0,1.0,0.0,551.4225,-0.11324194818735123,4,-0.047808077186346054,0.0,719.0,-0.047808077186346054,-14.805209047165556,0.0,0.0
0.0,0.0,1.0,0.0,551.5225,0.1160782054066658,4,-0.1254025548696518,0.0,719.0,-0.1254025548696518,14.739017089982426,0.0,0.0
0.0,0.0,1.0,0.0,551.6225000000001,-0.10853179544210434,4,-0.06810496002435684,0.0,719.0,-0.06810496002435684,-11.788220065387266,0.0,0.0
0.0,0.0,1.0,0.0,551.7225000000001,0.12377776205539703,4,-0.10803983360528946,0.0,719.0,-0.10803983360528946,7.374834874334854,0.0,0.0
0.0,0.0,1.0,0.0,551.8225000000001,-0.10512974858283997,4,-0.08694637566804886,0.0,719.0,-0.08694637566804886,-3.4124348433075524,0.0,0.0
0.0,0.0,1.0,0.0,551.9225,0.06906230002641678,4,-0.08696125447750092,0.0,719.0,-0.08696125447750092,-0.31013641710148965,0.0,0.0
0.0,0.0,1.0,0.0,552.0225,-0.018702514469623566,4,-0.11017458140850067,0.0,719.0,-0.11017458140850067,5.6711786717285815,0.0,0.0
0.0,0.0,1.0,0.0,552.0825000000001,-0.1291605681180954,4,-0.060193270444869995,0.0,719.0,-0.060193270444869995,-12.915371537470394,0.0,0.0
0.0,0.0,1.0,0.0,552.0825000000001,-0.1291605681180954,4,-0.060193270444869995,0.0,719.0,-0.060193270444869995,-12.915371537470394,0.0,0.0
0.0,0.0,1.0,0.0,552.0825000000001,-0.1291605681180954,4,-0.060193270444869995,0.0,719.0,-0.060193270444869995,-12.915371537470394,0.0,0.0
0.0,0.0,1.0,0.0,552.0825000000001,-0.1291605681180954,4,-0.060193270444869995,0.0,719.0,-0.060193270444869995,-12.915371537470394,0.0,0.0
0.0,0.0,1.0,0.0,552.0825000000001,-0.1291605681180954,4,-0.060193270444869995,0.0,719.0,-0.060193270444869995,-12.915371537470394,0.0,0.0
0.0,0.0,1.0,0.0,552.0825000000001,-0.1291605681180954,4,-0.060193270444869995,0.0,719.0,-0.060193270444869995,-12.915371537470394,0.0,0.0
0.0,0.0,1.0,0.0,552.0825000000001,-0.1291605681180954,4,-0.060193270444869995,0.0,719.0,-0.060193270444869995,-12.915371537470394,0.0,0.0
0.0,0.0,1.0,0.0,552.0825000000001,-0.1291605681180954,4,-0.060193270444869995,0.0,719.0,-0.060193270444869995,-12.915371537470394,0.0,0.0
0.0,0.0,1.0,0.0,552.1225000000001,-0.1318402886390686,4,-0.04710179567337036,0.0,719.0,-0.04710179567337036,-13.063420001977201,0.0,0.0
1.0,1.0,0.0,0.0,552.1800000000001,0.0,5,0.0,0.0,719.0,0.0,0.0,0.0,0.0
