behind_leader,behind_next,best_laptime,best_sector1,best_sector2,current_laptime,current_sector1,current_sector2,elapsed,elapsed_time,estimated_laptime,estimated_time_into,lap_number,last_laptime,last_sector1,last_sector2,start
0.0,0.0,117.449462890625,35.02874755859375,76.33651733398438,0.3161401367187864,-1.0,-1.0,524.5225,524.5225,104.60347747802734,0.15730726718902588,4,134.66259765625,49.864166259765625,93.0430908203125,524.2063598632812
0.0,0.0,117.449462890625,35.02874755859375,76.33651733398438,0.4161401367188091,-1.0,-1.0,524.6225000000001,524.6225000000001,104.60347747802734,0.3558622896671295,4,134.66259765625,49.864166259765625,93.0430908203125,524.2063598632812
0.0,0.0,117.449462890625,35.02874755859375,76.33651733398438,0.5361401367188137,-1.0,-1.0,524.7425000000001,524.7425000000001,104.60347747802734,0.3558622896671295,4,134.66259765625,49.864166259765625,93.0430908203125,524.2063598632812
0.0,0.0,117.449462890625,35.02874755859375,76.33651733398438,0.6161401367188546,-1.0,-1.0,524.8225000000001,524.8225000000001,104.60347747802734,0.5547837615013123,4,134.66259765625,49.864166259765625,93.0430908203125,524.2063598632812
0.0,0.0,117.449462890625,35.02874755859375,76.33651733398438,0.7361401367188591,-1.0,-1.0,524.9425000000001,524.9425000000001,104.60347747802734,0.5547837615013123,4,134.66259765625,49.864166259765625,93.0430908203125,524.2063598632812
0.0,0.0,117.449462890625,35.02874755859375,76.33651733398438,0.8161401367187864,-1.0,-1.0,525.0225,525.0225,104.60347747802734,0.7520329356193542,4,134.66259765625,49.864166259765625,93.0430908203125,524.2063598632812
0.0,0.0,117.449462890625,35.02874755859375,76.33651733398438,0.9361401367187909,-1.0,-1.0,525.1425,525.1425,104.60347747802734,0.7520329356193542,4,134.66259765625,49.864166259765625,93.0430908203125,524.2063598632812
0.0,0.0,117.449462890625,35.02874755859375,76.33651733398438,1.0161401367188319,-1.0,-1.0,525.2225000000001,525.2225000000001,104.60347747802734,0.9514772891998291,4,134.66259765625,49.864166259765625,93.0430908203125,524.2063598632812
0.0,0.0,117.449462890625,35.02874755859375,76.33651733398438,1.1161401367188546,-1.0,-1.0,525.3225000000001,525.3225000000001,104.60347747802734,0.9514772891998291,4,134.66259765625,49.864166259765625,93.0430908203125,524.2063598632812
0.0,0.0,117.449462890625,35.02874755859375,76.33651733398438,1.2361401367188591,-1.0,-1.0,525.4425000000001,525.4425000000001,104.60347747802734,1.1509543657302856,4,134.66259765625,49.864166259765625,93.0430908203125,524.2063598632812
0.0,0.0,117.449462890625,35.02874755859375,76.33651733398438,1.3161401367187864,-1.0,-1.0,525.5225,525.5225,104.60347747802734,1.1509543657302856,4,134.66259765625,49.864166259765625,93.0430908203125,524.2063598632812
0.0,0.0,117.449462890625,35.02874755859375,76.33651733398438,1.436140136718791,-1.0,-1.0,525.6425,525.6425,104.60347747802734,1.3506276607513428,4,134.66259765625,49.864166259765625,93.0430908203125,524.2063598632812
0.0,0.0,117.449462890625,35.02874755859375,76.33651733398438,1.5361401367188137,-1.0,-1.0,525.7425000000001,525.7425000000001,104.60347747802734,1.3506276607513428,4,134.66259765625,49.864166259765625,93.0430908203125,524.2063598632812
0.0,0.0,117.449462890625,35.02874755859375,76.33651733398438,1.6361401367188364,-1.0,-1.0,525.8425000000001,525.8425000000001,104.60347747802734,1.5503895282745361,4,134.66259765625,49.864166259765625,93.0430908203125,524.2063598632812
0.0,0.0,117.449462890625,35.02874755859375,76.33651733398438,1.7361401367188591,-1.0,-1.0,525.9425000000001,525.9425000000001,104.60347747802734,1.5503895282745361,4,134.66259765625,49.864166259765625,93.0430908203125,524.2063598632812
0.0,0.0,117.449462890625,35.02874755859375,76.33651733398438,1.8361401367187682,-1.0,-1.0,526.0425,526.0425,104.60347747802734,1.7502162456512451,4,134.66259765625,49.864166259765625,93.0430908203125,524.2063598632812
0.0,0.0,117.449462890625,35.02874755859375,76.33651733398438,1.936140136718791,-1.0,-1.0,526.1425,526.1425,104.60347747802734,1.7502162456512451,4,134.66259765625,49.864166259765625,93.0430908203125,524.2063598632812
0.0,0.0,117.449462890625,35.02874755859375,76.33651733398438,2.0361401367188137,-1.0,-1.0,526.2425000000001,526.2425000000001,104.60347747802734,1.9498356580734253,4,134.66259765625,49.864166259765625,93.0430908203125,524.2063598632812
0.0,0.0,117.449462890625,35.02874755859375,76.33651733398438,2.1361401367188364,-1.0,-1.0,526.3425000000001,526.3425000000001,104.60347747802734,1.9498356580734253,4,134.66259765625,49.864166259765625,93.0430908203125,524.2063598632812
0.0,0.0,117.449462890625,35.02874755859375,76.33651733398438,2.236140136718859,-1.0,-1.0,526.4425000000001,526.4425000000001,104.60347747802734,2.1498072147369385,4,134.66259765625,49.864166259765625,93.0430908203125,524.2063598632812
0.0,0.0,117.449462890625,35.02874755859375,76.33651733398438,2.336140136718768,-1.0,-1.0,526.5425,526.5425,104.60347747802734,2.1498072147369385,4,134.66259765625,49.864166259765625,93.0430908203125,524.2063598632812
0.0,0.0,117.449462890625,35.02874755859375,76.33651733398438,2.436140136718791,-1.0,-1.0,526.6425,526.6425,104.60347747802734,2.349871873855591,4,134.66259765625,49.864166259765625,93.0430908203125,524.2063598632812
0.0,0.0,117.449462890625,35.02874755859375,76.33651733398438,2.5361401367188137,-1.0,-1.0,526.7425000000001,526.7425000000001,104.60347747802734,2.349871873855591,4,134.66259765625,49.864166259765625,93.0430908203125,524.2063598632812
0.0,0.0,117.449462890625,35.02874755859375,76.33651733398438,2.6361401367188364,-1.0,-1.0,526.8425000000001,526.8425000000001,104.60347747802734,2.549821615219116,4,134.66259765625,49.864166259765625,93.0430908203125,524.2063598632812
0.0,0.0,117.449462890625,35.02874755859375,76.33651733398438,2.736140136718859,-1.0,-1.0,526.9425000000001,526.9425000000001,104.60347747802734,2.549821615219116,4,134.66259765625,49.864166259765625,93.0430908203125,524.2063598632812
0.0,0.0,117.449462890625,35.02874755859375,76.33651733398438,2.836140136718768,-1.0,-1.0,527.0425,527.0425,104.60347747802734,2.749750852584839,4,134.66259765625,49.864166259765625,93.0430908203125,524.2063598632812
0.0,0.0,117.449462890625,35.02874755859375,76.33651733398438,2.9561401367187727,-1.0,-1.0,527.1625,527.1625,104.60347747802734,2.749750852584839,4,134.66259765625,49.864166259765625,93.0430908203125,524.2063598632812
0.0,0.0,117.449462890625,35.02874755859375,76.33651733398438,3.0361401367188137,-1.0,-1.0,527.2425000000001,527.2425000000001,104.60347747802734,2.9495410919189453,4,134.66259765625,49.864166259765625,93.0430908203125,524.2063598632812
0.0,0.0,117.449462890625,35.02874755859375,76.33651733398438,3.1361401367188364,-1.0,-1.0,527.3425000000001,527.3425000000001,104.60347747802734,2.9495410919189453,4,134.66259765625,49.864166259765625,93.0430908203125,524.2063598632812
0.0,0.0,117.449462890625,35.02874755859375,76.33651733398438,3.236140136718859,-1.0,-1.0,527.4425000000001,527.4425000000001,104.60347747802734,3.1494507789611816,4,134.66259765625,49.864166259765625,93.0430908203125,524.2063598632812
0.0,0.0,117.449462890625,35.02874755859375,76.33651733398438,3.336140136718768,-1.0,-1.0,527.5425,527.5425,104.60347747802734,3.1494507789611816,4,134.66259765625,49.864166259765625,93.0430908203125,524.2063598632812
0.0,0.0,117.449462890625,35.02874755859375,76.33651733398438,3.4561401367187727,-1.0,-1.0,527.6625,527.6625,104.60347747802734,3.3493096828460693,4,134.66259765625,49.864166259765625,93.0430908203125,524.2063598632812
0.0,0.0,117.449462890625,35.02874755859375,76.33651733398438,3.5361401367188137,-1.0,-1.0,527.7425000000001,527.7425000000001,104.60347747802734,3.3493096828460693,4,134.66259765625,49.864166259765625,93.0430908203125,524.2063598632812
0.0,0.0,117.449462890625,35.02874755859375,76.33651733398438,3.656140136718818,-1.0,-1.0,527.8625000000001,527.8625000000001,104.60347747802734,3.5478763580322266,4,134.66259765625,49.864166259765625,93.0430908203125,524.2063598632812
0.0,0.0,117.449462890625,35.02874755859375,76.33651733398438,3.736140136718859,-1.0,-1.0,527.9425000000001,527.9425000000001,104.60347747802734,3.5478763580322266,4,134.66259765625,49.864166259765625,93.0430908203125,524.2063598632812
0.0,0.0,117.449462890625,35.02874755859375,76.33651733398438,3.8561401367188637,-1.0,-1.0,528.0625000000001,528.0625000000001,104.60347747802734,3.746480941772461,4,134.66259765625,49.864166259765625,93.0430908203125,524.2063598632812
0.0,0.0,117.449462890625,35.02874755859375,76.33651733398438,3.9561401367187727,-1.0,-1.0,528.1625,528.1625,104.60347747802734,3.746480941772461,4,134.66259765625,49.864166259765625,93.0430908203125,524.2063598632812
0.0,0.0,117.449462890625,35.02874755859375,76.33651733398438,4.036140136718814,-1.0,-1.0,528.2425000000001,528.2425000000001,104.60347747802734,3.945916175842285,4,134.66259765625,49.864166259765625,93.0430908203125,524.2063598632812
0.0,0.0,117.449462890625,35.02874755859375,76.33651733398438,4.156140136718818,-1.0,-1.0,528.3625000000001,528.3625000000001,104.60347747802734,3.945916175842285,4,134.66259765625,49.864166259765625,93.0430908203125,524.2063598632812
0.0,0.0,117.449462890625,35.02874755859375,76.33651733398438,4.256140136718841,-1.0,-1.0,528.4625000000001,528.4625000000001,104.60347747802734,4.144613265991211,4,134.66259765625,49.864166259765625,93.0430908203125,524.2063598632812
0.0,0.0,117.449462890625,35.02874755859375,76.33651733398438,4.356140136718864,-1.0,-1.0,528.5625000000001,528.5625000000001,104.60347747802734,4.144613265991211,4,134.66259765625,49.864166259765625,93.0430908203125,524.2063598632812
0.0,0.0,117.449462890625,35.02874755859375,76.33651733398438,4.456140136718773,-1.0,-1.0,528.6625,528.6625,104.60347747802734,4.343255043029785,4,134.66259765625,49.864166259765625,93.0430908203125,524.2063598632812
0.0,0.0,117.449462890625,35.02874755859375,76.33651733398438,4.536140136718814,-1.0,-1.0,528.7425000000001,528.7425000000001,104.60347747802734,4.343255043029785,4,134.66259765625,49.864166259765625,93.0430908203125,524.2063598632812
0.0,0.0,117.449462890625,35.02874755859375,76.33651733398438,4.656140136718818,-1.0,-1.0,528.8625000000001,528.8625000000001,104.60347747802734,4.541964530944824,4,134.66259765625,49.864166259765625,93.0430908203125,524.2063598632812
0.0,0.0,117.449462890625,35.02874755859375,76.33651733398438,4.756140136718841,-1.0,-1.0,528.9625000000001,528.9625000000001,104.60347747802734,4.541964530944824,4,134.66259765625,49.864166259765625,93.0430908203125,524.2063598632812
0.0,0.0,117.449462890625,35.02874755859375,76.33651733398438,4.856140136718864,-1.0,-1.0,529.0625000000001,529.0625000000001,104.60347747802734,4.740935802459717,4,134.66259765625,49.864166259765625,93.0430908203125,524.2063598632812
0.0,0.0,117.449462890625,35.02874755859375,76.33651733398438,4.956140136718773,-1.0,-1.0,529.1625,529.1625,104.60347747802734,4.740935802459717,4,134.66259765625,49.864166259765625,93.0430908203125,524.2063598632812
0.0,0.0,117.449462890625,35.02874755859375,76.33651733398438,5.0561401367187955,-1.0,-1.0,529.2625,529.2625,104.60347747802734,4.939937591552734,4,134.66259765625,49.864166259765625,93.0430908203125,524.2063598632812
0.0,0.0,117.449462890625,35.02874755859375,76.33651733398438,5.156140136718818,-1.0,-1.0,529.3625000000001,529.3625000000001,104.60347747802734,4.939937591552734,4,134.66259765625,49.864166259765625,93.0430908203125,524.2063598632812
0.0,0.0,117.449462890625,35.02874755859375,76.33651733398438,5.256140136718841,-1.0,-1.0,529.4625000000001,529.4625000000001,104.60347747802734,5.139055252075195,4,134.66259765625,49.864166259765625,93.0430908203125,524.2063598632812
0.0,0.0,117.449462890625,35.02874755859375,76.33651733398438,5.356140136718864,-1.0,-1.0,529.5625000000001,529.5625000000001,104.60347747802734,5.139055252075195,4,134.66259765625,49.864166259765625,93.0430908203125,524.2063598632812
0.0,0.0,117.449462890625,35.02874755859375,76.33651733398438,5.456140136718773,-1.0,-1.0,529.6625,529.6625,104.60347747802734,5.3393940925598145,4,134.66259765625,49.864166259765625,93.0430908203125,524.2063598632812
0.0,0.0,117.449462890625,35.02874755859375,76.33651733398438,5.5561401367187955,-1.0,-1.0,529.7625,529.7625,104.60347747802734,5.3393940925598145,4,134.66259765625,49.864166259765625,93.0430908203125,524.2063598632812
0.0,0.0,117.449462890625,35.02874755859375,76.33651733398438,5.656140136718818,-1.0,-1.0,529.8625000000001,529.8625000000001,104.60347747802734,5.539764881134033,4,134.66259765625,49.864166259765625,93.0430908203125,524.2063598632812
0.0,0.0,117.449462890625,35.02874755859375,76.33651733398438,5.776140136718823,-1.0,-1.0,529.9825000000001,529.9825000000001,104.60347747802734,5.539764881134033,4,134.66259765625,49.864166259765625,93.0430908203125,524.2063598632812
0.0,0.0,117.449462890625,35.02874755859375,76.33651733398438,5.856140136718864,-1.0,-1.0,530.0625000000001,530.0625000000001,104.60347747802734,5.740302562713623,4,134.66259765625,49.864166259765625,93.0430908203125,524.2063598632812
0.0,0.0,117.449462890625,35.02874755859375,76.33651733398438,5.956140136718773,-1.0,-1.0,530.1625,530.1625,104.60347747802734,5.740302562713623,4,134.66259765625,49.864166259765625,93.0430908203125,524.2063598632812
0.0,0.0,117.449462890625,35.02874755859375,76.33651733398438,6.0561401367187955,-1.0,-1.0,530.2625,530.2625,104.60347747802734,5.9413018226623535,4,134.66259765625,49.864166259765625,93.0430908203125,524.2063598632812
0.0,0.0,117.449462890625,35.02874755859375,76.33651733398438,6.156140136718818,-1.0,-1.0,530.3625000000001,530.3625000000001,104.60347747802734,5.9413018226623535,4,134.66259765625,49.864166259765625,93.0430908203125,524.2063598632812
0.0,0.0,117.449462890625,35.02874755859375,76.33651733398438,6.276140136718823,-1.0,-1.0,530.4825000000001,530.4825000000001,104.60347747802734,6.14235782623291,4,134.66259765625,49.864166259765625,93.0430908203125,524.2063598632812
0.0,0.0,117.449462890625,35.02874755859375,76.33651733398438,6.356140136718864,-1.0,-1.0,530.5625000000001,530.5625000000001,104.60347747802734,6.14235782623291,4,134.66259765625,49.864166259765625,93.0430908203125,524.2063598632812
0.0,0.0,117.449462890625,35.02874755859375,76.33651733398438,6.476140136718868,-1.0,-1.0,530.6825000000001,530.6825000000001,104.60347747802734,6.343497276306152,4,134.66259765625,49.864166259765625,93.0430908203125,524.2063598632812
0.0,0.0,117.449462890625,35.02874755859375,76.33651733398438,6.5561401367187955,-1.0,-1.0,530.7625,530.7625,104.60347747802734,6.343497276306152,4,134.66259765625,49.864166259765625,93.0430908203125,524.2063598632812
0.0,0.0,117.449462890625,35.02874755859375,76.33651733398438,6.6761401367188,-1.0,-1.0,530.8825,530.8825,104.60347747802734,6.544750213623047,4,134.66259765625,49.864166259765625,93.0430908203125,524.2063598632812
0.0,0.0,117.449462890625,35.02874755859375,76.33651733398438,6.776140136718823,-1.0,-1.0,530.9825000000001,530.9825000000001,104.60347747802734,6.544750213623047,4,134.66259765625,49.864166259765625,93.0430908203125,524.2063598632812
0.0,0.0,117.449462890625,35.02874755859375,76.33651733398438,6.8761401367188455,-1.0,-1.0,531.0825000000001,531.0825000000001,104.60347747802734,6.746016502380371,4,134.66259765625,49.864166259765625,93.0430908203125,524.2063598632812
0.0,0.0,117.449462890625,35.02874755859375,76.33651733398438,6.976140136718868,-1.0,-1.0,531.1825000000001,531.1825000000001,104.60347747802734,6.746016502380371,4,134.66259765625,49.864166259765625,93.0430908203125,524.2063598632812
0.0,0.0,117.449462890625,35.02874755859375,76.33651733398438,7.0561401367187955,-1.0,-1.0,531.2625,531.2625,104.60347747802734,6.947240352630615,4,134.66259765625,49.864166259765625,93.0430908203125,524.2063598632812
0.0,0.0,117.449462890625,35.02874755859375,76.33651733398438,7.1761401367188,-1.0,-1.0,531.3825,531.3825,104.60347747802734,6.947240352630615,4,134.66259765625,49.864166259765625,93.0430908203125,524.2063598632812
0.0,0.0,117.449462890625,35.02874755859375,76.33651733398438,7.276140136718823,-1.0,-1.0,531.4825000000001,531.4825000000001,104.60347747802734,7.148279190063477,4,134.66259765625,49.864166259765625,93.0430908203125,524.2063598632812
0.0,0.0,117.449462890625,35.02874755859375,76.33651733398438,7.3761401367188455,-1.0,-1.0,531.5825000000001,531.5825000000001,104.60347747802734,7.148279190063477,4,134.66259765625,49.864166259765625,93.0430908203125,524.2063598632812
0.0,0.0,117.449462890625,35.02874755859375,76.33651733398438,7.476140136718868,-1.0,-1.0,531.6825000000001,531.6825000000001,104.60347747802734,7.344810485839844,4,134.66259765625,49.864166259765625,93.0430908203125,524.2063598632812
0.0,0.0,117.449462890625,35.02874755859375,76.33651733398438,7.576140136718777,-1.0,-1.0,531.7825,531.7825,104.60347747802734,7.344810485839844,4,134.66259765625,49.864166259765625,93.0430908203125,524.2063598632812
0.0,0.0,117.449462890625,35.02874755859375,76.33651733398438,7.6761401367188,-1.0,-1.0,531.8825,531.8825,104.60347747802734,7.532535552978516,4,134.66259765625,49.864166259765625,93.0430908203125,524.2063598632812
0.0,0.0,117.449462890625,35.02874755859375,76.33651733398438,7.776140136718823,-1.0,-1.0,531.9825000000001,531.9825000000001,104.60347747802734,7.532535552978516,4,134.66259765625,49.864166259765625,93.0430908203125,524.2063598632812
0.0,0.0,117.449462890625,35.02874755859375,76.33651733398438,7.8761401367188455,-1.0,-1.0,532.0825000000001,532.0825000000001,104.60347747802734,7.709912300109863,4,134.66259765625,49.864166259765625,93.0430908203125,524.2063598632812
0.0,0.0,117.449462890625,35.02874755859375,76.33651733398438,7.976140136718868,-1.0,-1.0,532.1825000000001,532.1825000000001,104.60347747802734,7.709912300109863,4,134.66259765625,49.864166259765625,93.0430908203125,524.2063598632812
0.0,0.0,117.449462890625,35.02874755859375,76.33651733398438,8.076140136718777,-1.0,-1.0,532.2825,532.2825,104.60347747802734,7.878553867340088,4,134.66259765625,49.864166259765625,93.0430908203125,524.2063598632812
0.0,0.0,117.449462890625,35.02874755859375,76.33651733398438,8.1761401367188,-1.0,-1.0,532.3825,532.3825,104.60347747802734,7.878553867340088,4,134.66259765625,49.864166259765625,93.0430908203125,524.2063598632812
0.0,0.0,117.449462890625,35.02874755859375,76.33651733398438,8.276140136718823,-1.0,-1.0,532.4825000000001,532.4825000000001,104.60347747802734,8.039628028869629,4,134.66259765625,49.864166259765625,93.0430908203125,524.2063598632812
0.0,0.0,117.449462890625,35.02874755859375,76.33651733398438,8.396140136718827,-1.0,-1.0,532.6025000000001,532.6025000000001,104.60347747802734,8.194294929504395,4,134.66259765625,49.864166259765625,93.0430908203125,524.2063598632812
0.0,0.0,117.449462890625,35.02874755859375,76.33651733398438,8.476140136718868,-1.0,-1.0,532.6825000000001,532.6825000000001,104.60347747802734,8.194294929504395,4,134.66259765625,49.864166259765625,93.0430908203125,524.2063598632812
0.0,0.0,117.449462890625,35.02874755859375,76.33651733398438,8.576140136718777,-1.0,-1.0,532.7825,532.7825,104.60347747802734,8.194294929504395,4,134.66259765625,49.864166259765625,93.0430908203125,524.2063598632812
0.0,0.0,117.449462890625,35.02874755859375,76.33651733398438,8.696140136718782,-1.0,-1.0,532.9025,532.9025,104.60347747802734,8.342058181762695,4,134.66259765625,49.864166259765625,93.0430908203125,524.2063598632812
0.0,0.0,117.449462890625,35.02874755859375,76.33651733398438,8.776140136718823,-1.0,-1.0,532.9825000000001,532.9825000000001,104.60347747802734,8.342058181762695,4,134.66259765625,49.864166259765625,93.0430908203125,524.2063598632812
0.0,0.0,117.449462890625,35.02874755859375,76.33651733398438,8.876140136718845,-1.0,-1.0,533.0825000000001,533.0825000000001,104.60347747802734,8.48493766784668,4,134.66259765625,49.864166259765625,93.0430908203125,524.2063598632812
0.0,0.0,117.449462890625,35.02874755859375,76.33651733398438,8.976140136718868,-1.0,-1.0,533.1825000000001,533.1825000000001,104.60347747802734,8.48493766784668,4,134.66259765625,49.864166259765625,93.0430908203125,524.2063598632812
0.0,0.0,117.449462890625,35.02874755859375,76.33651733398438,9.076140136718777,-1.0,-1.0,533.2825,533.2825,104.60347747802734,8.623311042785645,4,134.66259765625,49.864166259765625,93.0430908203125,524.2063598632812
0.0,0.0,117.449462890625,35.02874755859375,76.33651733398438,9.196140136718782,-1.0,-1.0,533.4025,533.4025,104.60347747802734,8.755692481994629,4,134.66259765625,49.864166259765625,93.0430908203125,524.2063598632812
0.0,0.0,117.449462890625,35.02874755859375,76.33651733398438,9.276140136718823,-1.0,-1.0,533.4825000000001,533.4825000000001,104.60347747802734,8.755692481994629,4,134.66259765625,49.864166259765625,93.0430908203125,524.2063598632812
0.0,0.0,117.449462890625,35.02874755859375,76.33651733398438,9.396140136718827,-1.0,-1.0,533.6025000000001,533.6025000000001,104.60347747802734,8.882696151733398,4,134.66259765625,49.864166259765625,93.0430908203125,524.2063598632812
0.0,0.0,117.449462890625,35.02874755859375,76.33651733398438,9.476140136718868,-1.0,-1.0,533.6825000000001,533.6825000000001,104.60347747802734,8.882696151733398,4,134.66259765625,49.864166259765625,93.0430908203125,524.2063598632812
0.0,0.0,117.449462890625,35.02874755859375,76.33651733398438,9.596140136718759,-1.0,-1.0,533.8025,533.8025,104.60347747802734,9.004546165466309,4,134.66259765625,49.864166259765625,93.0430908203125,524.2063598632812
0.0,0.0,117.449462890625,35.02874755859375,76.33651733398438,9.696140136718782,-1.0,-1.0,533.9025,533.9025,104.60347747802734,9.004546165466309,4,134.66259765625,49.864166259765625,93.0430908203125,524.2063598632812
0.0,0.0,117.449462890625,35.02874755859375,76.33651733398438,9.796140136718805,-1.0,-1.0,534.0025,534.0025,104.60347747802734,9.122940063476562,4,134.66259765625,49.864166259765625,93.0430908203125,524.2063598632812
0.0,0.0,117.449462890625,35.02874755859375,76.33651733398438,9.896140136718827,-1.0,-1.0,534.1025000000001,534.1025000000001,104.60347747802734,9.122940063476562,4,134.66259765625,49.864166259765625,93.0430908203125,524.2063598632812
0.0,0.0,117.449462890625,35.02874755859375,76.33651733398438,9.99614013671885,-1.0,-1.0,534.2025000000001,534.2025000000001,104.60347747802734,9.238736152648926,4,134.66259765625,49.864166259765625,93.0430908203125,524.2063598632812
0.0,0.0,117.449462890625,35.02874755859375,76.33651733398438,10.096140136718759,-1.0,-1.0,534.3025,534.3025,104.60347747802734,9.238736152648926,4,134.66259765625,49.864166259765625,93.0430908203125,524.2063598632812
0.0,0.0,117.449462890625,35.02874755859375,76.33651733398438,10.196140136718782,-1.0,-1.0,534.4025,534.4025,104.60347747802734,9.356285095214844,4,134.66259765625,49.864166259765625,93.0430908203125,524.2063598632812
0.0,0.0,117.449462890625,35.02874755859375,76.33651733398438,10.296140136718805,-1.0,-1.0,534.5025,534.5025,104.60347747802734,9.356285095214844,4,134.66259765625,49.864166259765625,93.0430908203125,524.2063598632812
0.0,0.0,117.449462890625,35.02874755859375,76.33651733398438,10.396140136718827,-1.0,-1.0,534.6025000000001,534.6025000000001,104.60347747802734,9.478998184204102,4,134.66259765625,49.864166259765625,93.0430908203125,524.2063598632812
0.0,0.0,117.449462890625,35.02874755859375,76.33651733398438,10.49614013671885,-1.0,-1.0,534.7025000000001,534.7025000000001,104.60347747802734,9.478998184204102,4,134.66259765625,49.864166259765625,93.0430908203125,524.2063598632812
0.0,0.0,117.449462890625,35.02874755859375,76.33651733398438,10.596140136718759,-1.0,-1.0,534.8025,534.8025,104.60347747802734,9.608536720275879,4,134.66259765625,49.864166259765625,93.0430908203125,524.2063598632812
0.0,0.0,117.449462890625,35.02874755859375,76.33651733398438,10.696140136718782,-1.0,-1.0,534.9025,534.9025,104.60347747802734,9.608536720275879,4,134.66259765625,49.864166259765625,93.0430908203125,524.2063598632812
0.0,0.0,117.449462890625,35.02874755859375,76.33651733398438,10.796140136718805,-1.0,-1.0,535.0025,535.0025,104.60347747802734,9.745573997497559,4,134.66259765625,49.864166259765625,93.0430908203125,524.2063598632812
0.0,0.0,117.449462890625,35.02874755859375,76.33651733398438,10.896140136718827,-1.0,-1.0,535.1025000000001,535.1025000000001,104.60347747802734,9.745573997497559,4,134.66259765625,49.864166259765625,93.0430908203125,524.2063598632812
0.0,0.0,117.449462890625,35.02874755859375,76.33651733398438,10.99614013671885,-1.0,-1.0,535.2025000000001,535.2025000000001,104.60347747802734,9.889298439025879,4,134.66259765625,49.864166259765625,93.0430908203125,524.2063598632812
0.0,0.0,117.449462890625,35.02874755859375,76.33651733398438,11.096140136718759,-1.0,-1.0,535.3025,535.3025,104.60347747802734,9.889298439025879,4,134.66259765625,49.864166259765625,93.0430908203125,524.2063598632812
0.0,0.0,117.449462890625,35.02874755859375,76.33651733398438,11.196140136718782,-1.0,-1.0,535.4025,535.4025,104.60347747802734,10.037400245666504,4,134.66259765625,49.864166259765625,93.0430908203125,524.2063598632812
0.0,0.0,117.449462890625,35.02874755859375,76.33651733398438,11.316140136718786,-1.0,-1.0,535.5225,535.5225,104.60347747802734,10.037400245666504,4,134.66259765625,49.864166259765625,93.0430908203125,524.2063598632812
0.0,0.0,117.449462890625,35.02874755859375,76.33651733398438,11.396140136718827,-1.0,-1.0,535.6025000000001,535.6025000000001,104.60347747802734,10.190237045288086,4,134.66259765625,49.864166259765625,93.0430908203125,524.2063598632812
0.0,0.0,117.449462890625,35.02874755859375,76.33651733398438,11.516140136718832,-1.0,-1.0,535.7225000000001,535.7225000000001,104.60347747802734,10.190237045288086,4,134.66259765625,49.864166259765625,93.0430908203125,524.2063598632812
0.0,0.0,117.449462890625,35.02874755859375,76.33651733398438,11.596140136718759,-1.0,-1.0,535.8025,535.8025,104.60347747802734,10.349833488464355,4,134.66259765625,49.864166259765625,93.0430908203125,524.2063598632812
0.0,0.0,117.449462890625,35.02874755859375,76.33651733398438,11.696140136718782,-1.0,-1.0,535.9025,535.9025,104.60347747802734,10.349833488464355,4,134.66259765625,49.864166259765625,93.0430908203125,524.2063598632812
0.0,0.0,117.449462890625,35.02874755859375,76.33651733398438,11.816140136718786,-1.0,-1.0,536.0225,536.0225,104.60347747802734,10.515095710754395,4,134.66259765625,49.864166259765625,93.0430908203125,524.2063598632812
0.0,0.0,117.449462890625,35.02874755859375,76.33651733398438,11.896140136718827,-1.0,-1.0,536.1025000000001,536.1025000000001,104.60347747802734,10.515095710754395,4,134.66259765625,49.864166259765625,93.0430908203125,524.2063598632812
0.0,0.0,117.449462890625,35.02874755859375,76.33651733398438,12.016140136718832,-1.0,-1.0,536.2225000000001,536.2225000000001,104.60347747802734,10.681126594543457,4,134.66259765625,49.864166259765625,93.0430908203125,524.2063598632812
0.0,0.0,117.449462890625,35.02874755859375,76.33651733398438,12.116140136718855,-1.0,-1.0,536.3225000000001,536.3225000000001,104.60347747802734,10.681126594543457,4,134.66259765625,49.864166259765625,93.0430908203125,524.2063598632812
0.0,0.0,117.449462890625,35.02874755859375,76.33651733398438,12.216140136718764,-1.0,-1.0,536.4225,536.4225,104.60347747802734,10.848122596740723,4,134.66259765625,49.864166259765625,93.0430908203125,524.2063598632812
0.0,0.0,117.449462890625,35.02874755859375,76.33651733398438,12.316140136718786,-1.0,-1.0,536.5225,536.5225,104.60347747802734,10.848122596740723,4,134.66259765625,49.864166259765625,93.0430908203125,524.2063598632812
0.0,0.0,117.449462890625,35.02874755859375,76.33651733398438,12.396140136718827,-1.0,-1.0,536.6025000000001,536.6025000000001,104.60347747802734,11.019513130187988,4,134.66259765625,49.864166259765625,93.0430908203125,524.2063598632812
0.0,0.0,117.449462890625,35.02874755859375,76.33651733398438,12.516140136718832,-1.0,-1.0,536.7225000000001,536.7225000000001,104.60347747802734,11.019513130187988,4,134.66259765625,49.864166259765625,93.0430908203125,524.2063598632812
0.0,0.0,117.449462890625,35.02874755859375,76.33651733398438,12.616140136718855,-1.0,-1.0,536.8225000000001,536.8225000000001,104.60347747802734,11.217458724975586,4,134.66259765625,49.864166259765625,93.0430908203125,524.2063598632812
0.0,0.0,117.449462890625,35.02874755859375,76.33651733398438,12.716140136718764,-1.0,-1.0,536.9225,536.9225,104.60347747802734,11.217458724975586,4,134.66259765625,49.864166259765625,93.0430908203125,524.2063598632812
0.0,0.0,117.449462890625,35.02874755859375,76.33651733398438,12.816140136718786,-1.0,-1.0,537.0225,537.0225,104.60347747802734,11.399065017700195,4,134.66259765625,49.864166259765625,93.0430908203125,524.2063598632812
0.0,0.0,117.449462890625,35.02874755859375,76.33651733398438,12.91614013671881,-1.0,-1.0,537.1225000000001,537.1225000000001,104.60347747802734,11.399065017700195,4,134.66259765625,49.864166259765625,93.0430908203125,524.2063598632812
0.0,0.0,117.449462890625,35.02874755859375,76.33651733398438,13.016140136718832,-1.0,-1.0,537.2225000000001,537.2225000000001,104.60347747802734,11.584942817687988,4,134.66259765625,49.864166259765625,93.0430908203125,524.2063598632812
0.0,0.0,117.449462890625,35.02874755859375,76.33651733398438,13.116140136718855,-1.0,-1.0,537.3225000000001,537.3225000000001,104.60347747802734,11.584942817687988,4,134.66259765625,49.864166259765625,93.0430908203125,524.2063598632812
0.0,0.0,117.449462890625,35.02874755859375,76.33651733398438,13.216140136718764,-1.0,-1.0,537.4225,537.4225,104.60347747802734,11.770895957946777,4,134.66259765625,49.864166259765625,93.0430908203125,524.2063598632812
0.0,0.0,117.449462890625,35.02874755859375,76.33651733398438,13.316140136718786,-1.0,-1.0,537.5225,537.5225,104.60347747802734,11.770895957946777,4,134.66259765625,49.864166259765625,93.0430908203125,524.2063598632812
0.0,0.0,117.449462890625,35.02874755859375,76.33651733398438,13.41614013671881,-1.0,-1.0,537.6225000000001,537.6225000000001,104.60347747802734,11.952095985412598,4,134.66259765625,49.864166259765625,93.0430908203125,524.2063598632812
0.0,0.0,117.449462890625,35.02874755859375,76.33651733398438,13.516140136718832,-1.0,-1.0,537.7225000000001,537.7225000000001,104.60347747802734,11.952095985412598,4,134.66259765625,49.864166259765625,93.0430908203125,524.2063598632812
0.0,0.0,117.449462890625,35.02874755859375,76.33651733398438,13.616140136718855,-1.0,-1.0,537.8225000000001,537.8225000000001,104.60347747802734,12.129501342773438,4,134.66259765625,49.864166259765625,93.0430908203125,524.2063598632812
0.0,0.0,117.449462890625,35.02874755859375,76.33651733398438,13.716140136718764,-1.0,-1.0,537.9225,537.9225,104.60347747802734,12.129501342773438,4,134.66259765625,49.864166259765625,93.0430908203125,524.2063598632812
0.0,0.0,117.449462890625,35.02874755859375,76.33651733398438,13.816140136718786,-1.0,-1.0,538.0225,538.0225,104.60347747802734,12.304410934448242,4,134.66259765625,49.864166259765625,93.0430908203125,524.2063598632812
0.0,0.0,117.449462890625,35.02874755859375,76.33651733398438,13.91614013671881,-1.0,-1.0,538.1225000000001,538.1225000000001,104.60347747802734,12.304410934448242,4,134.66259765625,49.864166259765625,93.0430908203125,524.2063598632812
0.0,0.0,117.449462890625,35.02874755859375,76.33651733398438,14.036140136718814,-1.0,-1.0,538.2425000000001,538.2425000000001,104.60347747802734,12.475340843200684,4,134.66259765625,49.864166259765625,93.0430908203125,524.2063598632812
0.0,0.0,117.449462890625,35.02874755859375,76.33651733398438,14.116140136718855,-1.0,-1.0,538.3225000000001,538.3225000000001,104.60347747802734,12.475340843200684,4,134.66259765625,49.864166259765625,93.0430908203125,524.2063598632812
0.0,0.0,117.449462890625,35.02874755859375,76.33651733398438,14.23614013671886,-1.0,-1.0,538.4425000000001,538.4425000000001,104.60347747802734,12.641020774841309,4,134.66259765625,49.864166259765625,93.0430908203125,524.2063598632812
0.0,0.0,117.449462890625,35.02874755859375,76.33651733398438,14.316140136718786,-1.0,-1.0,538.5225,538.5225,104.60347747802734,12.641020774841309,4,134.66259765625,49.864166259765625,93.0430908203125,524.2063598632812
0.0,0.0,117.449462890625,35.02874755859375,76.33651733398438,14.436140136718791,-1.0,-1.0,538.6425,538.6425,104.60347747802734,12.80273723602295,4,134.66259765625,49.864166259765625,93.0430908203125,524.2063598632812
0.0,0.0,117.449462890625,35.02874755859375,76.33651733398438,14.516140136718832,-1.0,-1.0,538.7225000000001,538.7225000000001,104.60347747802734,12.80273723602295,4,134.66259765625,49.864166259765625,93.0430908203125,524.2063598632812
0.0,0.0,117.449462890625,35.02874755859375,76.33651733398438,14.636140136718836,-1.0,-1.0,538.8425000000001,538.8425000000001,104.60347747802734,12.975956916809082,4,134.66259765625,49.864166259765625,93.0430908203125,524.2063598632812
0.0,0.0,117.449462890625,35.02874755859375,76.33651733398438,14.73614013671886,-1.0,-1.0,538.9425000000001,538.9425000000001,104.60347747802734,12.975956916809082,4,134.66259765625,49.864166259765625,93.0430908203125,524.2063598632812
0.0,0.0,117.449462890625,35.02874755859375,76.33651733398438,14.816140136718786,-1.0,-1.0,539.0225,539.0225,104.60347747802734,13.140180587768555,4,134.66259765625,49.864166259765625,93.0430908203125,524.2063598632812
0.0,0.0,117.449462890625,35.02874755859375,76.33651733398438,14.936140136718791,-1.0,-1.0,539.1425,539.1425,104.60347747802734,13.140180587768555,4,134.66259765625,49.864166259765625,93.0430908203125,524.2063598632812
0.0,0.0,117.449462890625,35.02874755859375,76.33651733398438,15.016140136718832,-1.0,-1.0,539.2225000000001,539.2225000000001,104.60347747802734,13.307411193847656,4,134.66259765625,49.864166259765625,93.0430908203125,524.2063598632812
0.0,0.0,117.449462890625,35.02874755859375,76.33651733398438,15.136140136718836,-1.0,-1.0,539.3425000000001,539.3425000000001,104.60347747802734,13.307411193847656,4,134.66259765625,49.864166259765625,93.0430908203125,524.2063598632812
0.0,0.0,117.449462890625,35.02874755859375,76.33651733398438,15.23614013671886,-1.0,-1.0,539.4425000000001,539.4425000000001,104.60347747802734,13.479007720947266,4,134.66259765625,49.864166259765625,93.0430908203125,524.2063598632812
0.0,0.0,117.449462890625,35.02874755859375,76.33651733398438,15.336140136718768,-1.0,-1.0,539.5425,539.5425,104.60347747802734,13.479007720947266,4,134.66259765625,49.864166259765625,93.0430908203125,524.2063598632812
0.0,0.0,117.449462890625,35.02874755859375,76.33651733398438,15.436140136718791,-1.0,-1.0,539.6425,539.6425,104.60347747802734,13.646656036376953,4,134.66259765625,49.864166259765625,93.0430908203125,524.2063598632812
0.0,0.0,117.449462890625,35.02874755859375,76.33651733398438,15.536140136718814,-1.0,-1.0,539.7425000000001,539.7425000000001,104.60347747802734,13.646656036376953,4,134.66259765625,49.864166259765625,93.0430908203125,524.2063598632812
0.0,0.0,117.449462890625,35.02874755859375,76.33651733398438,15.636140136718836,-1.0,-1.0,539.8425000000001,539.8425000000001,104.60347747802734,13.814990043640137,4,134.66259765625,49.864166259765625,93.0430908203125,524.2063598632812
0.0,0.0,117.449462890625,35.02874755859375,76.33651733398438,15.73614013671886,-1.0,-1.0,539.9425000000001,539.9425000000001,104.60347747802734,13.814990043640137,4,134.66259765625,49.864166259765625,93.0430908203125,524.2063598632812
0.0,0.0,117.449462890625,35.02874755859375,76.33651733398438,15.836140136718768,-1.0,-1.0,540.0425,540.0425,104.60347747802734,13.98581314086914,4,134.66259765625,49.864166259765625,93.0430908203125,524.2063598632812
0.0,0.0,117.449462890625,35.02874755859375,76.33651733398438,15.936140136718791,-1.0,-1.0,540.1425,540.1425,104.60347747802734,13.98581314086914,4,134.66259765625,49.864166259765625,93.0430908203125,524.2063598632812
0.0,0.0,117.449462890625,35.02874755859375,76.33651733398438,16.036140136718814,-1.0,-1.0,540.2425000000001,540.2425000000001,104.60347747802734,14.157548904418945,4,134.66259765625,49.864166259765625,93.0430908203125,524.2063598632812
0.0,0.0,117.449462890625,35.02874755859375,76.33651733398438,16.136140136718836,-1.0,-1.0,540.3425000000001,540.3425000000001,104.60347747802734,14.157548904418945,4,134.66259765625,49.864166259765625,93.0430908203125,524.2063598632812
0.0,0.0,117.449462890625,35.02874755859375,76.33651733398438,16.23614013671886,-1.0,-1.0,540.4425000000001,540.4425000000001,104.60347747802734,14.327449798583984,4,134.66259765625,49.864166259765625,93.0430908203125,524.2063598632812
0.0,0.0,117.449462890625,35.02874755859375,76.33651733398438,16.356140136718864,-1.0,-1.0,540.5625000000001,540.5625000000001,104.60347747802734,14.327449798583984,4,134.66259765625,49.864166259765625,93.0430908203125,524.2063598632812
0.0,0.0,117.449462890625,35.02874755859375,76.33651733398438,16.43614013671879,-1.0,-1.0,540.6425,540.6425,104.60347747802734,14.495802879333496,4,134.66259765625,49.864166259765625,93.0430908203125,524.2063598632812
0.0,0.0,117.449462890625,35.02874755859375,76.33651733398438,16.536140136718814,-1.0,-1.0,540.7425000000001,540.7425000000001,104.60347747802734,14.495802879333496,4,134.66259765625,49.864166259765625,93.0430908203125,524.2063598632812
0.0,0.0,117.449462890625,35.02874755859375,76.33651733398438,16.656140136718818,-1.0,-1.0,540.8625000000001,540.8625000000001,104.60347747802734,14.662078857421875,4,134.66259765625,49.864166259765625,93.0430908203125,524.2063598632812
0.0,0.0,117.449462890625,35.02874755859375,76.33651733398438,16.73614013671886,-1.0,-1.0,540.9425000000001,540.9425000000001,104.60347747802734,14.662078857421875,4,134.66259765625,49.864166259765625,93.0430908203125,524.2063598632812
0.0,0.0,117.449462890625,35.02874755859375,76.33651733398438,16.856140136718864,-1.0,-1.0,541.0625000000001,541.0625000000001,104.60347747802734,14.8267822265625,4,134.66259765625,49.864166259765625,93.0430908203125,524.2063598632812
0.0,0.0,117.449462890625,35.02874755859375,76.33651733398438,16.93614013671879,-1.0,-1.0,541.1425,541.1425,104.60347747802734,14.8267822265625,4,134.66259765625,49.864166259765625,93.0430908203125,524.2063598632812
0.0,0.0,117.449462890625,35.02874755859375,76.33651733398438,17.036140136718814,-1.0,-1.0,541.2425000000001,541.2425000000001,104.60347747802734,14.989336967468262,4,134.66259765625,49.864166259765625,93.0430908203125,524.2063598632812
0.0,0.0,117.449462890625,35.02874755859375,76.33651733398438,17.156140136718818,-1.0,-1.0,541.3625000000001,541.3625000000001,104.60347747802734,14.989336967468262,4,134.66259765625,49.864166259765625,93.0430908203125,524.2063598632812
0.0,0.0,117.449462890625,35.02874755859375,76.33651733398438,17.23614013671886,-1.0,-1.0,541.4425000000001,541.4425000000001,104.60347747802734,15.150622367858887,4,134.66259765625,49.864166259765625,93.0430908203125,524.2063598632812
0.0,0.0,117.449462890625,35.02874755859375,76.33651733398438,17.356140136718864,-1.0,-1.0,541.5625000000001,541.5625000000001,104.60347747802734,15.150622367858887,4,134.66259765625,49.864166259765625,93.0430908203125,524.2063598632812
0.0,0.0,117.449462890625,35.02874755859375,76.33651733398438,17.456140136718773,-1.0,-1.0,541.6625,541.6625,104.60347747802734,15.309762001037598,4,134.66259765625,49.864166259765625,93.0430908203125,524.2063598632812
0.0,0.0,117.449462890625,35.02874755859375,76.33651733398438,17.536140136718814,-1.0,-1.0,541.7425000000001,541.7425000000001,104.60347747802734,15.309762001037598,4,134.66259765625,49.864166259765625,93.0430908203125,524.2063598632812
0.0,0.0,117.449462890625,35.02874755859375,76.33651733398438,17.656140136718818,-1.0,-1.0,541.8625000000001,541.8625000000001,104.60347747802734,15.46519660949707,4,134.66259765625,49.864166259765625,93.0430908203125,524.2063598632812
0.0,0.0,117.449462890625,35.02874755859375,76.33651733398438,17.75614013671884,-1.0,-1.0,541.9625000000001,541.9625000000001,104.60347747802734,15.46519660949707,4,134.66259765625,49.864166259765625,93.0430908203125,524.2063598632812
0.0,0.0,117.449462890625,35.02874755859375,76.33651733398438,17.856140136718864,-1.0,-1.0,542.0625000000001,542.0625000000001,104.60347747802734,15.616425514221191,4,134.66259765625,49.864166259765625,93.0430908203125,524.2063598632812
0.0,0.0,117.449462890625,35.02874755859375,76.33651733398438,17.956140136718773,-1.0,-1.0,542.1625,542.1625,104.60347747802734,15.616425514221191,4,134.66259765625,49.864166259765625,93.0430908203125,524.2063598632812
0.0,0.0,117.449462890625,35.02874755859375,76.33651733398438,18.056140136718795,-1.0,-1.0,542.2625,542.2625,104.60347747802734,15.759601593017578,4,134.66259765625,49.864166259765625,93.0430908203125,524.2063598632812
0.0,0.0,117.449462890625,35.02874755859375,76.33651733398438,18.156140136718818,-1.0,-1.0,542.3625000000001,542.3625000000001,104.60347747802734,15.759601593017578,4,134.66259765625,49.864166259765625,93.0430908203125,524.2063598632812
0.0,0.0,117.449462890625,35.02874755859375,76.33651733398438,18.25614013671884,-1.0,-1.0,542.4625000000001,542.4625000000001,104.60347747802734,15.904746055603027,4,134.66259765625,49.864166259765625,93.0430908203125,524.2063598632812
0.0,0.0,117.449462890625,35.02874755859375,76.33651733398438,18.356140136718864,-1.0,-1.0,542.5625000000001,542.5625000000001,104.60347747802734,15.904746055603027,4,134.66259765625,49.864166259765625,93.0430908203125,524.2063598632812
0.0,0.0,117.449462890625,35.02874755859375,76.33651733398438,18.456140136718773,-1.0,-1.0,542.6625,542.6625,104.60347747802734,16.049978256225586,4,134.66259765625,49.864166259765625,93.0430908203125,524.2063598632812
0.0,0.0,117.449462890625,35.02874755859375,76.33651733398438,18.556140136718795,-1.0,-1.0,542.7625,542.7625,104.60347747802734,16.049978256225586,4,134.66259765625,49.864166259765625,93.0430908203125,524.2063598632812
0.0,0.0,117.449462890625,35.02874755859375,76.33651733398438,18.656140136718818,-1.0,-1.0,542.8625000000001,542.8625000000001,104.60347747802734,16.203693389892578,4,134.66259765625,49.864166259765625,93.0430908203125,524.2063598632812
0.0,0.0,117.449462890625,35.02874755859375,76.33651733398438,18.75614013671884,-1.0,-1.0,542.9625000000001,542.9625000000001,104.60347747802734,16.203693389892578,4,134.66259765625,49.864166259765625,93.0430908203125,524.2063598632812
0.0,0.0,117.449462890625,35.02874755859375,76.33651733398438,18.856140136718864,-1.0,-1.0,543.0625000000001,543.0625000000001,104.60347747802734,16.356698989868164,4,134.66259765625,49.864166259765625,93.0430908203125,524.2063598632812
0.0,0.0,117.449462890625,35.02874755859375,76.33651733398438,18.956140136718773,-1.0,-1.0,543.1625,543.1625,104.60347747802734,16.356698989868164,4,134.66259765625,49.864166259765625,93.0430908203125,524.2063598632812
0.0,0.0,117.449462890625,35.02874755859375,76.33651733398438,19.056140136718795,-1.0,-1.0,543.2625,543.2625,104.60347747802734,16.50963592529297,4,134.66259765625,49.864166259765625,93.0430908203125,524.2063598632812
0.0,0.0,117.449462890625,35.02874755859375,76.33651733398438,19.156140136718818,-1.0,-1.0,543.3625000000001,543.3625000000001,104.60347747802734,16.50963592529297,4,134.66259765625,49.864166259765625,93.0430908203125,524.2063598632812
0.0,0.0,117.449462890625,35.02874755859375,76.33651733398438,19.25614013671884,-1.0,-1.0,543.4625000000001,543.4625000000001,104.60347747802734,16.65754508972168,4,134.66259765625,49.864166259765625,93.0430908203125,524.2063598632812
0.0,0.0,117.449462890625,35.02874755859375,76.33651733398438,19.376140136718845,-1.0,-1.0,543.5825000000001,543.5825000000001,104.60347747802734,16.65754508972168,4,134.66259765625,49.864166259765625,93.0430908203125,524.2063598632812
0.0,0.0,117.449462890625,35.02874755859375,76.33651733398438,19.456140136718773,-1.0,-1.0,543.6625,543.6625,104.60347747802734,16.799213409423828,4,134.66259765625,49.864166259765625,93.0430908203125,524.2063598632812
0.0,0.0,117.449462890625,35.02874755859375,76.33651733398438,19.556140136718795,-1.0,-1.0,543.7625,543.7625,104.60347747802734,16.799213409423828,4,134.66259765625,49.864166259765625,93.0430908203125,524.2063598632812
-16.837223052978516,0.0,117.449462890625,35.02874755859375,76.33651733398438,19.6761401367188,-1.0,-1.0,543.8825,543.8825,104.60347747802734,16.93404769897461,4,134.66259765625,49.864166259765625,93.0430908203125,524.2063598632812
-16.837223052978516,0.0,117.449462890625,35.02874755859375,76.33651733398438,19.75614013671884,-1.0,-1.0,543.9625000000001,543.9625000000001,104.60347747802734,16.93404769897461,4,134.66259765625,49.864166259765625,93.0430908203125,524.2063598632812
-16.723005294799805,0.0,117.449462890625,35.02874755859375,76.33651733398438,19.876140136718845,-1.0,-1.0,544.0825000000001,544.0825000000001,104.60347747802734,17.0620174407959,4,134.66259765625,49.864166259765625,93.0430908203125,524.2063598632812
-16.723005294799805,0.0,117.449462890625,35.02874755859375,76.33651733398438,19.956140136718773,-1.0,-1.0,544.1625,544.1625,104.60347747802734,17.0620174407959,4,134.66259765625,49.864166259765625,93.0430908203125,524.2063598632812
-16.602310180664062,0.0,117.449462890625,35.02874755859375,76.33651733398438,20.076140136718777,-1.0,-1.0,544.2825,544.2825,104.60347747802734,17.18292808532715,4,134.66259765625,49.864166259765625,93.0430908203125,524.2063598632812
-16.602310180664062,0.0,117.449462890625,35.02874755859375,76.33651733398438,20.156140136718818,-1.0,-1.0,544.3625000000001,544.3625000000001,104.60347747802734,17.18292808532715,4,134.66259765625,49.864166259765625,93.0430908203125,524.2063598632812
-16.473730087280273,0.0,117.449462890625,35.02874755859375,76.33651733398438,20.276140136718823,-1.0,-1.0,544.4825000000001,544.4825000000001,104.60347747802734,17.296302795410156,4,134.66259765625,49.864166259765625,93.0430908203125,524.2063598632812
-16.473730087280273,0.0,117.449462890625,35.02874755859375,76.33651733398438,20.356140136718864,-1.0,-1.0,544.5625000000001,544.5625000000001,104.60347747802734,17.296302795410156,4,134.66259765625,49.864166259765625,93.0430908203125,524.2063598632812
-16.33658790588379,0.0,117.449462890625,35.02874755859375,76.33651733398438,20.47614013671887,-1.0,-1.0,544.6825000000001,544.6825000000001,104.60347747802734,17.401653289794922,4,134.66259765625,49.864166259765625,93.0430908203125,524.2063598632812
-16.33658790588379,0.0,117.449462890625,35.02874755859375,76.33651733398438,20.576140136718777,-1.0,-1.0,544.7825,544.7825,104.60347747802734,17.401653289794922,4,134.66259765625,49.864166259765625,93.0430908203125,524.2063598632812
-16.19172477722168,0.0,117.449462890625,35.02874755859375,76.33651733398438,20.6761401367188,-1.0,-1.0,544.8825,544.8825,104.60347747802734,17.499059677124023,4,134.66259765625,49.864166259765625,93.0430908203125,524.2063598632812
-16.19172477722168,0.0,117.449462890625,35.02874755859375,76.33651733398438,20.776140136718823,-1.0,-1.0,544.9825000000001,544.9825000000001,104.60347747802734,17.499059677124023,4,134.66259765625,49.864166259765625,93.0430908203125,524.2063598632812
-16.038795471191406,0.0,117.449462890625,35.02874755859375,76.33651733398438,20.876140136718845,-1.0,-1.0,545.0825000000001,545.0825000000001,104.60347747802734,17.588581085205078,4,134.66259765625,49.864166259765625,93.0430908203125,524.2063598632812
-16.038795471191406,0.0,117.449462890625,35.02874755859375,76.33651733398438,20.97614013671887,-1.0,-1.0,545.1825000000001,545.1825000000001,104.60347747802734,17.588581085205078,4,134.66259765625,49.864166259765625,93.0430908203125,524.2063598632812
-15.878039360046387,0.0,117.449462890625,35.02874755859375,76.33651733398438,21.076140136718777,-1.0,-1.0,545.2825,545.2825,104.60347747802734,17.670337677001953,4,134.66259765625,49.864166259765625,93.0430908203125,524.2063598632812
-15.878039360046387,0.0,117.449462890625,35.02874755859375,76.33651733398438,21.1761401367188,-1.0,-1.0,545.3825,545.3825,104.60347747802734,17.670337677001953,4,134.66259765625,49.864166259765625,93.0430908203125,524.2063598632812
-15.70938491821289,0.0,117.449462890625,35.02874755859375,76.33651733398438,21.276140136718823,-1.0,-1.0,545.4825000000001,545.4825000000001,104.60347747802734,17.744348526000977,4,134.66259765625,49.864166259765625,93.0430908203125,524.2063598632812
-15.70938491821289,0.0,117.449462890625,35.02874755859375,76.33651733398438,21.376140136718845,-1.0,-1.0,545.5825000000001,545.5825000000001,104.60347747802734,17.744348526000977,4,134.66259765625,49.864166259765625,93.0430908203125,524.2063598632812
-15.53380012512207,0.0,117.449462890625,35.02874755859375,76.33651733398438,21.47614013671887,-1.0,-1.0,545.6825000000001,545.6825000000001,104.60347747802734,17.811038970947266,4,134.66259765625,49.864166259765625,93.0430908203125,524.2063598632812
-15.53380012512207,0.0,117.449462890625,35.02874755859375,76.33651733398438,21.576140136718777,-1.0,-1.0,545.7825,545.7825,104.60347747802734,17.811038970947266,4,134.66259765625,49.864166259765625,93.0430908203125,524.2063598632812
-15.351997375488281,0.0,117.449462890625,35.02874755859375,76.33651733398438,21.6761401367188,-1.0,-1.0,545.8825,545.8825,104.60347747802734,17.870750427246094,4,134.66259765625,49.864166259765625,93.0430908203125,524.2063598632812
-15.351997375488281,0.0,117.449462890625,35.02874755859375,76.33651733398438,21.776140136718823,-1.0,-1.0,545.9825000000001,545.9825000000001,104.60347747802734,17.870750427246094,4,134.66259765625,49.864166259765625,93.0430908203125,524.2063598632812
-15.163464546203613,0.0,117.449462890625,35.02874755859375,76.33651733398438,21.876140136718845,-1.0,-1.0,546.0825000000001,546.0825000000001,104.60347747802734,17.923797607421875,4,134.66259765625,49.864166259765625,93.0430908203125,524.2063598632812
-15.163464546203613,0.0,117.449462890625,35.02874755859375,76.33651733398438,21.97614013671887,-1.0,-1.0,546.1825000000001,546.1825000000001,104.60347747802734,17.923797607421875,4,134.66259765625,49.864166259765625,93.0430908203125,524.2063598632812
-14.968613624572754,0.0,117.449462890625,35.02874755859375,76.33651733398438,22.096140136718873,-1.0,-1.0,546.3025000000001,546.3025000000001,104.60347747802734,17.970600128173828,4,134.66259765625,49.864166259765625,93.0430908203125,524.2063598632812
-14.968613624572754,0.0,117.449462890625,35.02874755859375,76.33651733398438,22.1761401367188,-1.0,-1.0,546.3825,546.3825,104.60347747802734,17.970600128173828,4,134.66259765625,49.864166259765625,93.0430908203125,524.2063598632812
-14.767244338989258,0.0,117.449462890625,35.02874755859375,76.33651733398438,22.296140136718805,-1.0,-1.0,546.5025,546.5025,104.60347747802734,18.01095962524414,4,134.66259765625,49.864166259765625,93.0430908203125,524.2063598632812
-14.767244338989258,0.0,117.449462890625,35.02874755859375,76.33651733398438,22.376140136718845,-1.0,-1.0,546.5825000000001,546.5825000000001,104.60347747802734,18.01095962524414,4,134.66259765625,49.864166259765625,93.0430908203125,524.2063598632812
-14.559440612792969,0.0,117.449462890625,35.02874755859375,76.33651733398438,22.47614013671887,-1.0,-1.0,546.6825000000001,546.6825000000001,104.60347747802734,18.045141220092773,4,134.66259765625,49.864166259765625,93.0430908203125,524.2063598632812
-14.34903621673584,0.0,117.449462890625,35.02874755859375,76.33651733398438,22.596140136718873,-1.0,-1.0,546.8025000000001,546.8025000000001,104.60347747802734,18.074831008911133,4,134.66259765625,49.864166259765625,93.0430908203125,524.2063598632812
-14.34903621673584,0.0,117.449462890625,35.02874755859375,76.33651733398438,22.6761401367188,-1.0,-1.0,546.8825,546.8825,104.60347747802734,18.074831008911133,4,134.66259765625,49.864166259765625,93.0430908203125,524.2063598632812
-14.135616302490234,0.0,117.449462890625,35.02874755859375,76.33651733398438,22.796140136718805,-1.0,-1.0,547.0025,547.0025,104.60347747802734,18.0994815826416,4,134.66259765625,49.864166259765625,93.0430908203125,524.2063598632812
-14.135616302490234,0.0,117.449462890625,35.02874755859375,76.33651733398438,22.876140136718845,-1.0,-1.0,547.0825000000001,547.0825000000001,104.60347747802734,18.0994815826416,4,134.66259765625,49.864166259765625,93.0430908203125,524.2063598632812
-14.135616302490234,0.0,117.449462890625,35.02874755859375,76.33651733398438,22.97614013671887,-1.0,-1.0,547.1825000000001,547.1825000000001,104.60347747802734,18.0994815826416,4,134.66259765625,49.864166259765625,93.0430908203125,524.2063598632812
-13.91954231262207,0.0,117.449462890625,35.02874755859375,76.33651733398438,23.096140136718873,-1.0,-1.0,547.3025000000001,547.3025000000001,104.60347747802734,18.119794845581055,4,134.66259765625,49.864166259765625,93.0430908203125,524.2063598632812
-13.91954231262207,0.0,117.449462890625,35.02874755859375,76.33651733398438,23.1761401367188,-1.0,-1.0,547.3825,547.3825,104.60347747802734,18.119794845581055,4,134.66259765625,49.864166259765625,93.0430908203125,524.2063598632812
-13.699702262878418,0.0,117.449462890625,35.02874755859375,76.33651733398438,23.296140136718805,-1.0,-1.0,547.5025,547.5025,104.60347747802734,18.1352481842041,4,134.66259765625,49.864166259765625,93.0430908203125,524.2063598632812
-13.699702262878418,0.0,117.449462890625,35.02874755859375,76.33651733398438,23.376140136718845,-1.0,-1.0,547.5825000000001,547.5825000000001,104.60347747802734,18.1352481842041,4,134.66259765625,49.864166259765625,93.0430908203125,524.2063598632812
-13.47720718383789,0.0,117.449462890625,35.02874755859375,76.33651733398438,23.49614013671885,-1.0,-1.0,547.7025000000001,547.7025000000001,104.60347747802734,18.145097732543945,4,134.66259765625,49.864166259765625,93.0430908203125,524.2063598632812
-13.250101089477539,0.0,117.449462890625,35.02874755859375,76.33651733398438,23.596140136718873,-1.0,-1.0,547.8025000000001,547.8025000000001,104.60347747802734,18.149362564086914,4,134.66259765625,49.864166259765625,93.0430908203125,524.2063598632812
-13.250101089477539,0.0,117.449462890625,35.02874755859375,76.33651733398438,23.6761401367188,-1.0,-1.0,547.8825,547.8825,104.60347747802734,18.149362564086914,4,134.66259765625,49.864166259765625,93.0430908203125,524.2063598632812
-13.020402908325195,0.0,117.449462890625,35.02874755859375,76.33651733398438,23.796140136718805,-1.0,-1.0,548.0025,548.0025,104.60347747802734,18.149457931518555,4,134.66259765625,49.864166259765625,93.0430908203125,524.2063598632812
-13.020402908325195,0.0,117.449462890625,35.02874755859375,76.33651733398438,23.896140136718827,-1.0,-1.0,548.1025000000001,548.1025000000001,104.60347747802734,18.149457931518555,4,134.66259765625,49.864166259765625,93.0430908203125,524.2063598632812
-12.79078483581543,0.0,117.449462890625,35.02874755859375,76.33651733398438,23.99614013671885,-1.0,-1.0,548.2025000000001,548.2025000000001,104.60347747802734,18.149456024169922,4,134.66259765625,49.864166259765625,93.0430908203125,524.2063598632812
-12.79078483581543,0.0,117.449462890625,35.02874755859375,76.33651733398438,24.096140136718873,-1.0,-1.0,548.3025000000001,548.3025000000001,104.60347747802734,18.149456024169922,4,134.66259765625,49.864166259765625,93.0430908203125,524.2063598632812
-12.560567855834961,0.0,117.449462890625,35.02874755859375,76.33651733398438,24.196140136718782,-1.0,-1.0,548.4025,548.4025,104.60347747802734,18.149477005004883,4,134.66259765625,49.864166259765625,93.0430908203125,524.2063598632812
-12.560567855834961,0.0,117.449462890625,35.02874755859375,76.33651733398438,24.296140136718805,-1.0,-1.0,548.5025,548.5025,104.60347747802734,18.149477005004883,4,134.66259765625,49.864166259765625,93.0430908203125,524.2063598632812
-12.329445838928223,0.0,117.449462890625,35.02874755859375,76.33651733398438,24.396140136718827,-1.0,-1.0,548.6025000000001,548.6025000000001,104.60347747802734,18.149478912353516,4,134.66259765625,49.864166259765625,93.0430908203125,524.2063598632812
-12.329445838928223,0.0,117.449462890625,35.02874755859375,76.33651733398438,24.49614013671885,-1.0,-1.0,548.7025000000001,548.7025000000001,104.60347747802734,18.149478912353516,4,134.66259765625,49.864166259765625,93.0430908203125,524.2063598632812
-12.097809791564941,0.0,117.449462890625,35.02874755859375,76.33651733398438,24.596140136718873,-1.0,-1.0,548.8025000000001,548.8025000000001,104.60347747802734,18.149471282958984,4,134.66259765625,49.864166259765625,93.0430908203125,524.2063598632812
-12.097809791564941,0.0,117.449462890625,35.02874755859375,76.33651733398438,24.696140136718782,-1.0,-1.0,548.9025,548.9025,104.60347747802734,18.149471282958984,4,134.66259765625,49.864166259765625,93.0430908203125,524.2063598632812
-11.86622428894043,0.0,117.449462890625,35.02874755859375,76.33651733398438,24.796140136718805,-1.0,-1.0,549.0025,549.0025,104.60347747802734,18.14946937561035,4,134.66259765625,49.864166259765625,93.0430908203125,524.2063598632812
-11.86622428894043,0.0,117.449462890625,35.02874755859375,76.33651733398438,24.896140136718827,-1.0,-1.0,549.1025000000001,549.1025000000001,104.60347747802734,18.14946937561035,4,134.66259765625,49.864166259765625,93.0430908203125,524.2063598632812
-11.63410758972168,0.0,117.449462890625,35.02874755859375,76.33651733398438,24.99614013671885,-1.0,-1.0,549.2025000000001,549.2025000000001,104.60347747802734,18.14946174621582,4,134.66259765625,49.864166259765625,93.0430908203125,524.2063598632812
-11.63410758972168,0.0,117.449462890625,35.02874755859375,76.33651733398438,25.096140136718873,-1.0,-1.0,549.3025000000001,549.3025000000001,104.60347747802734,18.14946174621582,4,134.66259765625,49.864166259765625,93.0430908203125,524.2063598632812
-11.401914596557617,0.0,117.449462890625,35.02874755859375,76.33651733398438,25.196140136718782,-1.0,-1.0,549.4025,549.4025,104.60347747802734,18.149452209472656,4,134.66259765625,49.864166259765625,93.0430908203125,524.2063598632812
-11.401914596557617,0.0,117.449462890625,35.02874755859375,76.33651733398438,25.296140136718805,-1.0,-1.0,549.5025,549.5025,104.60347747802734,18.149452209472656,4,134.66259765625,49.864166259765625,93.0430908203125,524.2063598632812
-11.169679641723633,0.0,117.449462890625,35.02874755859375,76.33651733398438,25.41614013671881,-1.0,-1.0,549.6225000000001,549.6225000000001,104.60347747802734,18.14944839477539,4,134.66259765625,49.864166259765625,93.0430908203125,524.2063598632812
-11.169679641723633,0.0,117.449462890625,35.02874755859375,76.33651733398438,25.49614013671885,-1.0,-1.0,549.7025000000001,549.7025000000001,104.60347747802734,18.14944839477539,4,134.66259765625,49.864166259765625,93.0430908203125,524.2063598632812
-10.936820983886719,0.0,117.449462890625,35.02874755859375,76.33651733398438,25.616140136718855,-1.0,-1.0,549.8225000000001,549.8225000000001,104.60347747802734,18.149446487426758,4,134.66259765625,49.864166259765625,93.0430908203125,524.2063598632812
-10.936820983886719,0.0,117.449462890625,35.02874755859375,76.33651733398438,25.696140136718782,-1.0,-1.0,549.9025,549.9025,104.60347747802734,18.149446487426758,4,134.66259765625,49.864166259765625,93.0430908203125,524.2063598632812
-10.703410148620605,0.0,117.449462890625,35.02874755859375,76.33651733398438,25.816140136718786,-1.0,-1.0,550.0225,550.0225,104.60347747802734,18.149444580078125,4,134.66259765625,49.864166259765625,93.0430908203125,524.2063598632812
-10.703410148620605,0.0,117.449462890625,35.02874755859375,76.33651733398438,25.896140136718827,-1.0,-1.0,550.1025000000001,550.1025000000001,104.60347747802734,18.149444580078125,4,134.66259765625,49.864166259765625,93.0430908203125,524.2063598632812
-10.47000789642334,0.0,117.449462890625,35.02874755859375,76.33651733398438,26.016140136718832,-1.0,-1.0,550.2225000000001,550.2225000000001,104.60347747802734,18.149436950683594,4,134.66259765625,49.864166259765625,93.0430908203125,524.2063598632812
-10.47000789642334,0.0,117.449462890625,35.02874755859375,76.33651733398438,26.116140136718855,-1.0,-1.0,550.3225000000001,550.3225000000001,104.60347747802734,18.149436950683594,4,134.66259765625,49.864166259765625,93.0430908203125,524.2063598632812
-10.237051010131836,0.0,117.449462890625,35.02874755859375,76.33651733398438,26.196140136718782,-1.0,-1.0,550.4025,550.4025,104.60347747802734,18.149433135986328,4,134.66259765625,49.864166259765625,93.0430908203125,524.2063598632812
-10.237051010131836,0.0,117.449462890625,35.02874755859375,76.33651733398438,26.316140136718786,-1.0,-1.0,550.5225,550.5225,104.60347747802734,18.149433135986328,4,134.66259765625,49.864166259765625,93.0430908203125,524.2063598632812
-10.012726783752441,0.0,117.449462890625,35.02874755859375,76.33651733398438,26.41614013671881,-1.0,-1.0,550.6225000000001,550.6225000000001,104.60347747802734,18.149433135986328,4,134.66259765625,49.864166259765625,93.0430908203125,524.2063598632812
-10.012726783752441,0.0,117.449462890625,35.02874755859375,76.33651733398438,26.516140136718832,-1.0,-1.0,550.7225000000001,550.7225000000001,104.60347747802734,18.149433135986328,4,134.66259765625,49.864166259765625,93.0430908203125,524.2063598632812
-9.79948616027832,0.0,117.449462890625,35.02874755859375,76.33651733398438,26.616140136718855,-1.0,-1.0,550.8225000000001,550.8225000000001,104.60347747802734,18.149431228637695,4,134.66259765625,49.864166259765625,93.0430908203125,524.2063598632812
-9.79948616027832,0.0,117.449462890625,35.02874755859375,76.33651733398438,26.716140136718764,-1.0,-1.0,550.9225,550.9225,104.60347747802734,18.149431228637695,4,134.66259765625,49.864166259765625,93.0430908203125,524.2063598632812
-9.588685989379883,0.0,117.449462890625,35.02874755859375,76.33651733398438,26.816140136718786,-1.0,-1.0,551.0225,551.0225,104.60347747802734,18.149425506591797,4,134.66259765625,49.864166259765625,93.0430908203125,524.2063598632812
-9.588685989379883,0.0,117.449462890625,35.02874755859375,76.33651733398438,26.91614013671881,-1.0,-1.0,551.1225000000001,551.1225000000001,104.60347747802734,18.149425506591797,4,134.66259765625,49.864166259765625,93.0430908203125,524.2063598632812
-9.380756378173828,0.0,117.449462890625,35.02874755859375,76.33651733398438,27.016140136718832,-1.0,-1.0,551.2225000000001,551.2225000000001,104.60347747802734,18.14942169189453,4,134.66259765625,49.864166259765625,93.0430908203125,524.2063598632812
-9.380756378173828,0.0,117.449462890625,35.02874755859375,76.33651733398438,27.116140136718855,-1.0,-1.0,551.3225000000001,551.3225000000001,104.60347747802734,18.14942169189453,4,134.66259765625,49.864166259765625,93.0430908203125,524.2063598632812
-9.175585746765137,0.0,117.449462890625,35.02874755859375,76.33651733398438,27.216140136718764,-1.0,-1.0,551.4225,551.4225,104.60347747802734,18.1494140625,4,134.66259765625,49.864166259765625,93.0430908203125,524.2063598632812
-9.175585746765137,0.0,117.449462890625,35.02874755859375,76.33651733398438,27.316140136718786,-1.0,-1.0,551.5225,551.5225,104.60347747802734,18.1494140625,4,134.66259765625,49.864166259765625,93.0430908203125,524.2063598632812
-8.97055435180664,0.0,117.449462890625,35.02874755859375,76.33651733398438,27.41614013671881,-1.0,-1.0,551.6225000000001,551.6225000000001,104.60347747802734,18.149404525756836,4,134.66259765625,49.864166259765625,93.0430908203125,524.2063598632812
-8.97055435180664,0.0,117.449462890625,35.02874755859375,76.33651733398438,27.516140136718832,-1.0,-1.0,551.7225000000001,551.7225000000001,104.60347747802734,18.149404525756836,4,134.66259765625,49.864166259765625,93.0430908203125,524.2063598632812
-8.767393112182617,0.0,117.449462890625,35.02874755859375,76.33651733398438,27.616140136718855,-1.0,-1.0,551.8225000000001,551.8225000000001,104.60347747802734,18.149394989013672,4,134.66259765625,49.864166259765625,93.0430908203125,524.2063598632812
-8.767393112182617,0.0,117.449462890625,35.02874755859375,76.33651733398438,27.716140136718764,-1.0,-1.0,551.9225,551.9225,104.60347747802734,18.149394989013672,4,134.66259765625,49.864166259765625,93.0430908203125,524.2063598632812
-8.566632270812988,0.0,117.449462890625,35.02874755859375,76.33651733398438,27.816140136718786,-1.0,-1.0,552.0225,552.0225,104.60347747802734,18.149389266967773,4,134.66259765625,49.864166259765625,93.0430908203125,524.2063598632812
-8.566632270812988,0.0,117.449462890625,35.02874755859375,76.33651733398438,27.876140136718845,-1.0,-1.0,552.0825000000001,552.0825000000001,104.60347747802734,18.149389266967773,4,134.66259765625,49.864166259765625,93.0430908203125,524.2063598632812
-8.566632270812988,0.0,117.449462890625,35.02874755859375,76.33651733398438,27.876140136718845,-1.0,-1.0,552.0825000000001,552.0825000000001,104.60347747802734,18.149389266967773,4,134.66259765625,49.864166259765625,93.0430908203125,524.2063598632812
-8.566632270812988,0.0,117.449462890625,35.02874755859375,76.33651733398438,27.876140136718845,-1.0,-1.0,552.0825000000001,552.0825000000001,104.60347747802734,18.149389266967773,4,134.66259765625,49.864166259765625,93.0430908203125,524.2063598632812
-8.566632270812988,0.0,117.449462890625,35.02874755859375,76.33651733398438,27.876140136718845,-1.0,-1.0,552.0825000000001,552.0825000000001,104.60347747802734,18.149389266967773,4,134.66259765625,49.864166259765625,93.0430908203125,524.2063598632812
-8.566632270812988,0.0,117.449462890625,35.02874755859375,76.33651733398438,27.876140136718845,-1.0,-1.0,552.0825000000001,552.0825000000001,104.60347747802734,18.149389266967773,4,134.66259765625,49.864166259765625,93.0430908203125,524.2063598632812
-8.566632270812988,0.0,117.449462890625,35.02874755859375,76.33651733398438,27.876140136718845,-1.0,-1.0,552.0825000000001,552.0825000000001,104.60347747802734,18.149389266967773,4,134.66259765625,49.864166259765625,93.0430908203125,524.2063598632812
-8.566632270812988,0.0,117.449462890625,35.02874755859375,76.33651733398438,27.876140136718845,-1.0,-1.0,552.0825000000001,552.0825000000001,104.60347747802734,18.149389266967773,4,134.66259765625,49.864166259765625,93.0430908203125,524.2063598632812
-8.566632270812988,0.0,117.449462890625,35.02874755859375,76.33651733398438,27.876140136718845,-1.0,-1.0,552.0825000000001,552.0825000000001,104.60347747802734,18.149389266967773,4,134.66259765625,49.864166259765625,93.0430908203125,524.2063598632812
-8.566632270812988,0.0,117.449462890625,35.02874755859375,76.33651733398438,27.91614013671881,-1.0,-1.0,552.1225000000001,552.1225000000001,104.60347747802734,18.149389266967773,4,134.66259765625,49.864166259765625,93.0430908203125,524.2063598632812
-8.566632270812988,0.0,117.449462890625,35.02874755859375,76.33651733398438,0.019416503906313665,-1.0,-1.0,552.1800000000001,552.1800000000001,104.60347747802734,18.149389266967773,5,134.66259765625,49.864166259765625,93.0430908203125,552.1605834960938
