accel_lateral,accel_longitudinal,accel_vertical,class_name,damage_severity_0,damage_severity_1,damage_severity_2,damage_severity_3,damage_severity_4,damage_severity_5,damage_severity_6,damage_severity_7,downforce_front,downforce_rear,driver_name,elapsed_time,finish_state,fuel,impact_magnitude,impact_position_0,impact_position_1,impact_time,in_garage,in_pits,is_detached,is_driving,is_player,lap_number,number_penalties,number_pitstops,orientation_yaw_radians,pit_request,place,player_index,position_lateral,position_longitudinal,position_vertical,position_xyz_0,position_xyz_1,position_xyz_2,qualification,same_class,slot_id,speed,tank_capacity,total_vehicles,vehicle_name,velocity_lateral,velocity_longitudinal,velocity_vertical
0.1535123586654663,-2.794257402420044,1.319108247756958,GT3,0,0,0,0,0,0,0,0,0.0,0.0,Lance Arevalo,1271.0625,0,7.030454094203223,0.0,-0.0,0.0,0.0,False,False,False,1,False,8,0,0,-2.554978528021112,False,30,37,-751.623291015625,-241.4416961669922,22.410900115966797,-241.4416961669922,22.410900115966797,751.623291015625,40,True,0,53.79378138925736,117.0,38,Manthey Ema 2024 #91:LM,-0.008251190185546875,-53.793434143066406,-0.19310921430587769
-0.02808070182800293,-2.33889102935791,-0.8276443481445312,GT3,0,0,0,0,0,0,0,0,0.0,0.0,Lance Arevalo,1271.1625000000001,0,7.026344009233636,0.0,-0.0,0.0,0.0,False,False,False,1,False,8,0,0,-2.554542298184333,False,30,37,-756.1131591796875,-244.425048828125,22.525062561035156,-244.425048828125,22.525062561035156,756.1131591796875,40,True,0,54.04489824619974,117.0,38,Manthey Ema 2024 #91:LM,-0.016515731811523438,-54.044776916503906,-0.11332130432128906
0.1422945261001587,-2.916797637939453,-0.5941385626792908,GT3,0,0,0,0,0,0,0,0,0.0,0.0,Lance Arevalo,1271.2625,0,7.022228162913381,0.0,-0.0,0.0,0.0,False,False,False,1,False,8,0,0,-2.554588329393926,False,30,37,-760.6242065429688,-247.42335510253906,22.631336212158203,-247.42335510253906,22.631336212158203,760.6242065429688,40,True,0,54.30386602708142,117.0,38,Manthey Ema 2024 #91:LM,-0.011056900024414062,-54.303680419921875,-0.14154887199401855
0.17297101020812988,-2.4428226947784424,0.6586635112762451,GT3,0,0,0,0,0,0,0,0,0.0,0.0,Lance Arevalo,1271.3625000000002,0,7.018107123092674,0.0,-0.0,0.0,0.0,False,False,False,1,False,8,0,0,-2.5542189313430685,False,30,37,-765.1559448242188,-250.4364776611328,22.73472785949707,-250.4364776611328,22.73472785949707,765.1559448242188,40,True,0,54.55777792403903,117.0,38,Manthey Ema 2024 #91:LM,-0.017822265625,-54.557533264160156,-0.16241461038589478
0.04486572742462158,-2.439901351928711,0.12912879884243011,GT3,0,0,0,0,0,0,0,0,0.0,0.0,Lance Arevalo,1271.4625,0,7.013981164384933,0.0,-0.0,0.0,0.0,False,False,False,1,False,8,0,0,-2.5540734654601676,False,30,37,-769.7081909179688,-253.46446228027344,22.842124938964844,-253.46446228027344,22.842124938964844,769.7081909179688,40,True,0,54.80695338847963,117.0,38,Manthey Ema 2024 #91:LM,-0.018571853637695312,-54.806785583496094,-0.1343458890914917
-0.5094276070594788,-2.5245211124420166,1.3958669900894165,GT3,0,0,0,0,0,0,0,0,0.0,0.0,Lance Arevalo,1271.5625,0,7.00985131232315,0.0,-0.0,0.0,0.0,False,False,False,1,False,8,0,0,-2.5547140975103657,False,30,37,-774.2813720703125,-256.5051574707031,22.955636978149414,-256.5051574707031,22.955636978149414,774.2813720703125,40,True,0,55.05336824751833,117.0,38,Manthey Ema 2024 #91:LM,-0.013202667236328125,-55.05304718017578,-0.18755602836608887
-0.9754456281661987,-2.1225621700286865,-1.7324869632720947,GT3,0,0,0,0,0,0,0,0,0.0,0.0,Lance Arevalo,1271.6825000000001,0,7.004889378971059,0.0,-0.0,0.0,0.0,False,False,False,1,False,8,0,0,-2.5569750708367636,False,30,37,-779.80029296875,-260.1652526855469,23.09979820251465,-260.1652526855469,23.09979820251465,779.80029296875,40,True,0,55.339898761949,117.0,38,Manthey Ema 2024 #91:LM,0.023786544799804688,-55.339744567871094,-0.12845367193222046
-0.907686710357666,-2.2525267601013184,-0.16317075490951538,GT3,0,0,0,0,0,0,0,0,0.0,0.0,Lance Arevalo,1271.7625,0,7.001577952365528,0.0,-0.0,0.0,0.0,False,False,False,1,False,8,0,0,-2.5580078364202117,False,30,37,-783.4989013671875,-262.6108703613281,23.18549346923828,-262.6108703613281,23.18549346923828,783.4989013671875,40,True,0,55.52850916279405,117.0,38,Manthey Ema 2024 #91:LM,0.021444320678710938,-55.52827453613281,-0.15999069809913635
-0.7150935530662537,-2.7018070220947266,1.4337563514709473,GT3,0,0,0,0,0,0,0,0,0.0,0.0,Lance Arevalo,1271.8825000000002,0,6.99660622023621,0.0,-0.0,0.0,0.0,False,False,False,1,False,8,0,0,-2.5589039649997924,False,30,37,-789.0744018554688,-266.2879333496094,23.3173770904541,-266.2879333496094,23.3173770904541,789.0744018554688,40,True,0,55.807283420396196,117.0,38,Manthey Ema 2024 #91:LM,-0.0003871917724609375,-55.80699920654297,-0.17810720205307007
-0.675574004650116,-2.1967265605926514,-1.407668948173523,GT3,0,0,0,0,0,0,0,0,0.0,0.0,Lance Arevalo,1271.9625,0,6.993289155599223,0.0,-0.0,0.0,0.0,False,False,False,1,False,8,0,0,-2.5597625017337773,False,30,37,-792.8094482421875,-268.74542236328125,23.414037704467773,-268.74542236328125,23.414037704467773,792.8094482421875,40,True,0,55.98998080486831,117.0,38,Manthey Ema 2024 #91:LM,0.0028285980224609375,-55.98979568481445,-0.14395034313201904
-1.1080741882324219,-2.4634432792663574,1.3541570901870728,GT3,0,0,0,0,0,0,0,0,0.0,0.0,Lance Arevalo,1272.0825,0,6.98831081681012,0.0,-0.0,0.0,0.0,False,False,False,1,False,8,0,0,-2.5614422505967456,False,30,37,-798.4383544921875,-272.44061279296875,23.54742431640625,-272.44061279296875,23.54742431640625,798.4383544921875,40,True,0,56.25613021266522,117.0,38,Manthey Ema 2024 #91:LM,0.010074615478515625,-56.25587844848633,-0.16800296306610107
-0.9830787181854248,-1.9560234546661377,-0.024244237691164017,GT3,0,0,0,0,0,0,0,0,0.0,0.0,Lance Arevalo,1272.1625000000001,0,6.984991319188287,0.0,-0.0,0.0,0.0,False,False,False,1,False,8,0,0,-2.562862431513246,False,30,37,-802.20947265625,-274.90802001953125,23.64009666442871,-274.90802001953125,23.64009666442871,802.20947265625,40,True,0,56.43411990473554,117.0,38,Manthey Ema 2024 #91:LM,0.016912460327148438,-56.433834075927734,-0.17881521582603455
-0.7616680264472961,-2.1717114448547363,-0.38942694664001465,GT3,0,0,0,0,0,0,0,0,0.0,0.0,Lance Arevalo,1272.2825,0,6.980012518958118,0.0,-0.0,0.0,0.0,False,False,False,1,False,8,0,0,-2.564674904530541,False,30,37,-807.8938598632812,-278.61444091796875,23.7757511138916,-278.61444091796875,23.7757511138916,807.8938598632812,40,True,0,56.68796208739166,117.0,38,Manthey Ema 2024 #91:LM,0.0138397216796875,-56.6877555847168,-0.15238389372825623
-0.8675878047943115,-2.0822341442108154,1.7513822317123413,GT3,0,0,0,0,0,0,0,0,0.0,0.0,Lance Arevalo,1272.3625000000002,0,6.97669457100212,0.0,-0.0,0.0,0.0,False,False,False,1,False,8,0,0,-2.5661628360782647,False,30,37,-811.70166015625,-281.0885314941406,23.86212730407715,-281.0885314941406,23.86212730407715,811.70166015625,40,True,0,56.85613453249536,117.0,38,Manthey Ema 2024 #91:LM,0.01900482177734375,-56.8558349609375,-0.18358564376831055
-0.8447908163070679,-2.066913604736328,-1.0633642673492432,GT3,0,0,0,0,0,0,0,0,0.0,0.0,Lance Arevalo,1272.4825,0,6.971720198000015,0.0,-0.0,0.0,0.0,False,False,False,1,False,8,0,0,-2.568032085652956,False,30,37,-817.4407958984375,-284.8030700683594,24.00421714782715,-284.8030700683594,24.00421714782715,817.4407958984375,40,True,0,57.104849274678905,117.0,38,Manthey Ema 2024 #91:LM,0.01514434814453125,-57.10466003417969,-0.14623171091079712
-1.0306034088134766,-1.910762906074524,0.5262057185173035,GT3,0,0,0,0,0,0,0,0,0.0,0.0,Lance Arevalo,1272.5825,0,6.967577408497339,0.0,-0.0,0.0,0.0,False,False,False,1,False,8,0,0,-2.5698867852861764,False,30,37,-822.2479248046875,-287.90203857421875,24.118667602539062,-287.90203857421875,24.118667602539062,822.2479248046875,40,True,0,57.30775978143353,117.0,38,Manthey Ema 2024 #91:LM,0.015684127807617188,-57.307472229003906,-0.18086430430412292
-0.9810642004013062,-2.0543599128723145,-0.6645582318305969,GT3,0,0,0,0,0,0,0,0,0.0,0.0,Lance Arevalo,1272.6625000000001,0,6.964264602544734,0.0,-0.0,0.0,0.0,False,False,False,1,False,8,0,0,-2.5715005040435956,False,30,37,-826.1100463867188,-290.3824157714844,24.212371826171875,-290.3824157714844,24.212371826171875,826.1100463867188,40,True,0,57.46710913795433,117.0,38,Manthey Ema 2024 #91:LM,0.019533157348632812,-57.46686553955078,-0.16618119180202484
-1.0389270782470703,-0.8073099851608276,4.2154154777526855,GT3,0,0,0,0,0,0,0,0,0.0,0.0,Lance Arevalo,1272.7825,0,6.959467143837286,0.0,-0.0,0.0,0.0,False,False,False,1,False,8,0,0,-2.5738809810722896,False,30,37,-831.9298706054688,-294.1036376953125,24.357027053833008,-294.1036376953125,24.357027053833008,831.9298706054688,40,True,0,57.67776846603317,117.0,38,Manthey Ema 2024 #91:LM,0.018484115600585938,-57.67731475830078,-0.22802594304084778
-0.5316295623779297,2.907559394836426,-4.433716297149658,GT3,0,0,0,0,0,0,0,0,0.0,0.0,Lance Arevalo,1272.8825000000002,0,6.958468950265773,0.0,-0.0,0.0,0.0,False,False,False,1,False,8,0,0,-2.5752128973858768,False,30,37,-836.7918701171875,-297.1988220214844,24.494930267333984,-297.1988220214844,24.494930267333984,836.7918701171875,40,True,0,57.56315928155694,117.0,38,Manthey Ema 2024 #91:LM,0.026813507080078125,-57.563133239746094,-0.04774026572704315
-0.4266345500946045,2.5370798110961914,1.9277429580688477,GT3,0,0,0,0,0,0,0,0,0.0,0.0,Lance Arevalo,1272.9825,0,6.958468950265773,0.0,-0.0,0.0,0.0,False,False,False,1,False,8,0,0,-2.575468530191368,False,30,37,-841.63720703125,-300.2779235839844,24.611257553100586,-300.2779235839844,24.611257553100586,841.63720703125,40,True,0,57.28659201168102,117.0,38,Manthey Ema 2024 #91:LM,0.00315093994140625,-57.28658676147461,-0.02432291954755783
0.3798084259033203,11.247965812683105,-0.040114425122737885,GT3,0,0,0,0,0,0,0,0,0.0,0.0,Lance Arevalo,1273.0825,0,6.958468950265773,0.0,-0.0,0.0,0.0,False,False,False,1,False,8,0,0,-2.574547771630816,False,30,37,-846.4472045898438,-303.332763671875,24.741775512695312,-303.332763671875,24.741775512695312,846.4472045898438,40,True,0,56.559872672605124,117.0,38,Manthey Ema 2024 #91:LM,-0.028837203979492188,-56.55975341796875,0.11250980198383331
0.32469844818115234,17.617380142211914,2.0827834606170654,GT3,0,0,0,0,0,0,0,0,0.0,0.0,Lance Arevalo,1273.1825000000001,0,6.958468950265773,0.0,-0.0,0.0,0.0,False,False,False,1,False,8,0,0,-2.5732375313706286,False,30,37,-851.16064453125,-306.3302307128906,24.872623443603516,-306.3302307128906,24.872623443603516,851.16064453125,40,True,0,55.086401252314985,117.0,38,Manthey Ema 2024 #91:LM,-0.06650543212890625,-55.08615493774414,0.15071208775043488
-0.4229469299316406,19.894596099853516,3.0211126804351807,GT3,0,0,0,0,0,0,0,0,0.0,0.0,Lance Arevalo,1273.2825,0,6.958468950265773,0.0,-0.0,0.0,0.0,False,False,False,1,False,8,0,0,-2.574065503062942,True,30,37,-855.7276000976562,-309.23553466796875,25.01864242553711,-309.23553466796875,25.01864242553711,855.7276000976562,40,True,0,53.17724156457596,117.0,38,Manthey Ema 2024 #91:LM,-0.029752731323242188,-53.17702102661133,0.15023291110992432
-0.6483821868896484,18.270797729492188,0.07502623647451401,GT3,0,0,0,0,0,0,0,0,0.0,0.0,Lance Arevalo,1273.3825000000002,0,6.958468950265773,0.0,-0.0,0.0,0.0,False,False,False,1,False,8,0,0,-2.5758557464480503,True,30,37,-860.1312866210938,-312.0321044921875,25.1850643157959,-312.0321044921875,25.1850643157959,860.1312866210938,40,True,0,51.243022744519514,117.0,38,Manthey Ema 2024 #91:LM,0.015329360961914062,-51.24285125732422,0.13168153166770935
-0.07913398742675781,18.240345001220703,0.09360313415527344,GT3,0,0,0,0,0,0,0,0,0.0,0.0,Lance Arevalo,1273.4825,0,6.957552378007737,0.0,-0.0,0.0,0.0,False,False,False,1,False,8,0,0,-2.575695355322547,True,30,37,-864.3798828125,-314.7243957519531,25.35108184814453,-314.7243957519531,25.35108184814453,864.3798828125,40,True,0,49.40349555875662,117.0,38,Manthey Ema 2024 #91:LM,-0.023517608642578125,-49.403297424316406,0.1379273384809494
0.7166109085083008,19.285276412963867,1.3644514083862305,GT3,0,0,0,0,0,0,0,0,0.0,0.0,Lance Arevalo,1273.5825,0,6.957552378007737,0.0,-0.0,0.0,0.0,False,False,False,1,False,8,0,0,-2.574344186870995,True,30,37,-868.4695434570312,-317.3148193359375,25.515512466430664,-317.3148193359375,25.515512466430664,868.4695434570312,40,True,0,47.46834192210556,117.0,38,Manthey Ema 2024 #91:LM,-0.07379913330078125,-47.46807861328125,0.13982591032981873
0.8006820678710938,17.669639587402344,0.04326733574271202,GT3,0,0,0,0,0,0,0,0,0.0,0.0,Lance Arevalo,1273.6825000000001,0,6.957552378007737,0.0,-0.0,0.0,0.0,False,False,False,1,False,8,0,0,-2.5712430676992715,True,30,37,-872.3961791992188,-319.8052978515625,25.683544158935547,-319.8052978515625,25.683544158935547,872.3961791992188,40,True,0,45.618388215793054,117.0,38,Manthey Ema 2024 #91:LM,-0.1607532501220703,-45.61793518066406,0.1244654655456543
2.114762306213379,19.512521743774414,0.9565715789794922,GT3,0,0,0,0,0,0,0,0,0.0,0.0,Lance Arevalo,1273.7825,0,6.957552378007737,0.0,-0.0,0.0,0.0,False,False,False,1,False,8,0,0,-2.5661497480900177,True,30,37,-876.1637573242188,-322.20367431640625,25.850507736206055,-322.20367431640625,25.850507736206055,876.1637573242188,40,True,0,43.751176953280584,117.0,38,Manthey Ema 2024 #91:LM,-0.25333404541015625,-43.750221252441406,0.13945257663726807
1.797227382659912,18.161739349365234,0.9365844130516052,GT3,0,0,0,0,0,0,0,0,0.0,0.0,Lance Arevalo,1273.8825000000002,0,6.957552378007737,0.0,-0.0,0.0,0.0,False,False,False,1,False,8,0,0,-2.561542848440701,True,30,37,-879.7594604492188,-324.51806640625,26.021760940551758,-324.51806640625,26.021760940551758,879.7594604492188,40,True,0,41.87590469203116,117.0,38,Manthey Ema 2024 #91:LM,-0.15787124633789062,-41.8753662109375,0.1420392394065857
0.6066679954528809,17.898048400878906,0.4788042902946472,GT3,0,0,0,0,0,0,0,0,0.0,0.0,Lance Arevalo,1273.9825,0,6.956548846396935,0.0,-0.0,0.0,0.0,False,False,False,1,False,8,0,0,-2.5603116929329826,True,30,37,-883.1948852539062,-326.750244140625,26.193828582763672,-326.750244140625,26.193828582763672,883.1948852539062,40,True,0,40.12776737035876,117.0,38,Manthey Ema 2024 #91:LM,-0.11940193176269531,-40.127296447753906,0.15341806411743164
1.0799589157104492,17.60602569580078,1.013643741607666,GT3,0,0,0,0,0,0,0,0,0.0,0.0,Lance Arevalo,1274.0825,0,6.956548846396935,0.0,-0.0,0.0,0.0,False,False,False,1,False,8,0,0,-2.558779052697913,True,30,37,-886.475341796875,-328.89080810546875,26.36375617980957,-328.89080810546875,26.36375617980957,886.475341796875,40,True,0,38.29548795495598,117.0,38,Manthey Ema 2024 #91:LM,-0.07180595397949219,-38.295166015625,0.13964758813381195
0.1907496452331543,16.55189323425293,-0.31554895639419556,GT3,0,0,0,0,0,0,0,0,0.0,0.0,Lance Arevalo,1274.1825000000001,0,6.956548846396935,0.0,-0.0,0.0,0.0,False,False,False,1,False,8,0,0,-2.558214397261606,True,30,37,-889.6046752929688,-330.9420166015625,26.533475875854492,-330.9420166015625,26.533475875854492,889.6046752929688,40,True,0,36.63439673957346,117.0,38,Manthey Ema 2024 #91:LM,-0.045623779296875,-36.6340446472168,0.15399911999702454
0.6685070991516113,15.930599212646484,0.02788950875401497,GT3,0,0,0,0,0,0,0,0,0.0,0.0,Lance Arevalo,1274.2825,0,6.956548846396935,0.0,-0.0,0.0,0.0,False,False,False,1,False,8,0,0,-2.557377911340256,True,30,37,-892.5947265625,-332.90557861328125,26.695537567138672,-332.90557861328125,26.695537567138672,892.5947265625,40,True,0,35.00017077492679,117.0,38,Manthey Ema 2024 #91:LM,-0.0341339111328125,-34.999874114990234,0.14000387489795685
0.6432986259460449,15.21850872039795,-0.37346288561820984,GT3,0,0,0,0,0,0,0,0,0.0,0.0,Lance Arevalo,1274.4025000000001,0,6.956548846396935,0.0,-0.0,0.0,0.0,False,False,False,1,False,8,0,0,-2.554512476835995,True,30,37,-896.004638671875,-335.1531066894531,26.881072998046875,-335.1531066894531,26.881072998046875,896.004638671875,40,True,0,33.16027721259333,117.0,38,Manthey Ema 2024 #91:LM,-0.060817718505859375,-33.1599235534668,0.14055585861206055
0.6670565605163574,14.964494705200195,-0.4959465563297272,GT3,0,0,0,0,0,0,0,0,0.0,0.0,Lance Arevalo,1274.4825,0,6.956548846396935,0.0,-0.0,0.0,0.0,False,False,False,1,False,8,0,0,-2.5530684661420175,True,30,37,-898.175048828125,-336.5888366699219,26.997591018676758,-336.5888366699219,26.997591018676758,898.175048828125,40,True,0,31.97009613854518,117.0,38,Manthey Ema 2024 #91:LM,-0.05874061584472656,-31.96968650817871,0.1508019119501114
0.5333237648010254,14.920539855957031,1.1180250644683838,GT3,0,0,0,0,0,0,0,0,0.0,0.0,Lance Arevalo,1274.6025000000002,0,6.956548846396935,0.0,-0.0,0.0,0.0,False,False,False,1,False,8,0,0,-2.5507299460369475,True,30,37,-901.2778930664062,-338.65020751953125,27.164247512817383,-338.65020751953125,27.164247512817383,901.2778930664062,40,True,0,30.185393173372052,117.0,38,Manthey Ema 2024 #91:LM,-0.06018638610839844,-30.185100555419922,0.11850354075431824
0.05434131622314453,14.48292350769043,0.8631970286369324,GT3,0,0,0,0,0,0,0,0,0.0,0.0,Lance Arevalo,1274.6825000000001,0,6.956548846396935,0.0,-0.0,0.0,0.0,False,False,False,1,False,8,0,0,-2.5511478743800415,True,30,37,-903.2463989257812,-339.96112060546875,27.27716827392578,-339.96112060546875,27.27716827392578,903.2463989257812,40,True,0,29.016228783393597,117.0,38,Manthey Ema 2024 #91:LM,-0.03591156005859375,-29.015981674194336,0.11423945426940918
-0.04094409942626953,13.793582916259766,-0.4471593499183655,GT3,0,0,0,0,0,0,0,0,0.0,0.0,Lance Arevalo,1274.8025,0,6.956548846396935,0.0,-0.0,0.0,0.0,False,False,False,1,False,8,0,0,-2.5522172495899644,True,30,37,-906.056396484375,-341.83111572265625,27.443523406982422,-341.83111572265625,27.443523406982422,906.056396484375,40,True,0,27.326301954919355,117.0,38,Manthey Ema 2024 #91:LM,-0.018054962158203125,-27.325984954833984,0.13037943840026855
0.499661922454834,13.317082405090332,-0.28778865933418274,GT3,0,0,0,0,0,0,0,0,0.0,0.0,Lance Arevalo,1274.9025000000001,0,6.956548846396935,0.0,-0.0,0.0,0.0,False,False,False,1,False,8,0,0,-2.5506992061753864,True,30,37,-908.2713623046875,-343.3062438964844,27.57073402404785,-343.3062438964844,27.57073402404785,908.2713623046875,40,True,0,25.970565143768024,117.0,38,Manthey Ema 2024 #91:LM,-0.03100299835205078,-25.970239639282227,0.12627659738063812
0.4130868911743164,12.80335521697998,-0.21572166681289673,GT3,0,0,0,0,0,0,0,0,0.0,0.0,Lance Arevalo,1274.9825,0,6.956548846396935,0.0,-0.0,0.0,0.0,False,False,False,1,False,8,0,0,-2.5490220746577723,True,30,37,-909.9619750976562,-344.43536376953125,27.666179656982422,-344.43536376953125,27.666179656982422,909.9619750976562,40,True,0,24.92146235706036,117.0,38,Manthey Ema 2024 #91:LM,-0.041489601135253906,-24.921165466308594,0.11435221135616302
0.4090127944946289,12.815460205078125,-0.12555617094039917,GT3,0,0,0,0,0,0,0,0,0.0,0.0,Lance Arevalo,1275.1025000000002,0,6.956548846396935,0.0,-0.0,0.0,0.0,False,False,False,1,False,8,0,0,-2.54802126715338,True,30,37,-912.3670654296875,-346.04595947265625,27.801294326782227,-346.04595947265625,27.801294326782227,912.3670654296875,40,True,0,23.38961963547364,117.0,38,Manthey Ema 2024 #91:LM,-0.02977752685546875,-23.38935661315918,0.10685136169195175
0.5239973068237305,12.165929794311523,-0.6445026993751526,GT3,0,0,0,0,0,0,0,0,0.0,0.0,Lance Arevalo,1275.1825000000001,0,6.956548846396935,0.0,-0.0,0.0,0.0,False,False,False,1,False,8,0,0,-2.5474935120451714,True,30,37,-913.88623046875,-347.06524658203125,27.88582992553711,-347.06524658203125,27.88582992553711,913.88623046875,40,True,0,22.40362127723454,117.0,38,Manthey Ema 2024 #91:LM,-0.02642536163330078,-22.403356552124023,0.105656199157238
0.6043329238891602,12.752309799194336,-0.4264640212059021,GT3,0,0,0,0,0,0,0,0,0.0,0.0,Lance Arevalo,1275.3025,0,6.955969412437611,0.0,-0.0,0.0,0.0,False,False,False,1,False,8,0,0,-2.5454927631142987,True,30,37,-916.04150390625,-348.5155334472656,28.00316047668457,-348.5155334472656,28.00316047668457,916.04150390625,40,True,0,20.929574697650455,117.0,38,Manthey Ema 2024 #91:LM,-0.02820587158203125,-20.929248809814453,0.11333891749382019
1.2242846488952637,12.061227798461914,-0.3172502815723419,GT3,0,0,0,0,0,0,0,0,0.0,0.0,Lance Arevalo,1275.4025000000001,0,6.955969412437611,0.0,-0.0,0.0,0.0,False,False,False,1,False,8,0,0,-2.5424060420225225,True,30,37,-917.7232666015625,-349.6536865234375,28.094013214111328,-349.6536865234375,28.094013214111328,917.7232666015625,40,True,0,19.729486492217244,117.0,38,Manthey Ema 2024 #91:LM,-0.013227462768554688,-19.729276657104492,0.09002704173326492
1.9727816581726074,11.786384582519531,-0.41367486119270325,GT3,0,0,0,0,0,0,0,0,0.0,0.0,Lance Arevalo,1275.5025,0,6.955969412437611,0.0,-0.0,0.0,0.0,False,False,False,1,False,8,0,0,-2.536047831655488,True,30,37,-919.2998046875,-350.7335510253906,28.179590225219727,-350.7335510253906,28.179590225219727,919.2998046875,40,True,0,18.539362931845023,117.0,38,Manthey Ema 2024 #91:LM,0.010316848754882812,-18.539100646972656,0.09807488322257996
2.9705116748809814,11.53941822052002,-0.26714831590652466,GT3,0,0,0,0,0,0,0,0,0.0,0.0,Lance Arevalo,1275.6025000000002,0,6.955969412437611,0.0,-0.0,0.0,0.0,False,False,False,1,False,8,0,0,-2.5238625254491387,True,30,37,-920.7681884765625,-351.7626037597656,28.259620666503906,-351.7626037597656,28.259620666503906,920.7681884765625,40,True,0,17.367557256125234,117.0,38,Manthey Ema 2024 #91:LM,0.03552055358886719,-17.367238998413086,0.09895911812782288
3.5592525005340576,11.174457550048828,-0.013318903744220734,GT3,0,0,0,0,0,0,0,0,0.0,0.0,Lance Arevalo,1275.7025,0,6.955969412437611,0.0,-0.0,0.0,0.0,False,False,False,1,False,8,0,0,-2.505575171537498,True,30,37,-922.1253051757812,-352.7487487792969,28.334423065185547,-352.7487487792969,28.334423065185547,922.1253051757812,40,True,0,16.228600503928433,117.0,38,Manthey Ema 2024 #91:LM,0.06654834747314453,-16.228248596191406,0.0836249589920044
4.236421585083008,10.875365257263184,-0.4059680104255676,GT3,0,0,0,0,0,0,0,0,0.0,0.0,Lance Arevalo,1275.8025,0,6.955969412437611,0.0,-0.0,0.0,0.0,False,False,False,1,False,8,0,0,-2.4828316008407403,True,30,37,-923.370361328125,-353.69775390625,28.40494155883789,-353.69775390625,28.40494155883789,923.370361328125,40,True,0,15.120253514673204,117.0,38,Manthey Ema 2024 #91:LM,0.10498762130737305,-15.119701385498047,0.07532569766044617
4.543089866638184,10.225180625915527,-0.3655761480331421,GT3,0,0,0,0,0,0,0,0,0.0,0.0,Lance Arevalo,1275.9025000000001,0,6.955969412437611,0.0,-0.0,0.0,0.0,False,False,False,1,False,8,0,0,-2.455816833951249,True,30,37,-924.5040893554688,-354.6142272949219,28.470300674438477,-354.6142272949219,28.470300674438477,924.5040893554688,40,True,0,14.074289780862228,117.0,38,Manthey Ema 2024 #91:LM,0.15204429626464844,-14.073277473449707,0.0733247771859169
4.30735969543457,10.138559341430664,-0.5521184206008911,GT3,0,0,0,0,0,0,0,0,0.0,0.0,Lance Arevalo,1276.0025,0,6.955969412437611,0.0,-0.0,0.0,0.0,False,False,False,1,False,8,0,0,-2.423552983705385,True,30,37,-925.5281982421875,-355.500732421875,28.53219985961914,-355.500732421875,28.53219985961914,925.5281982421875,40,True,0,13.04854103143304,117.0,38,Manthey Ema 2024 #91:LM,0.17740964889526367,-13.047061920166016,0.08440448343753815
4.3692121505737305,9.35349178314209,0.10110840946435928,GT3,0,0,0,0,0,0,0,0,0.0,0.0,Lance Arevalo,1276.1025000000002,0,6.955968248879626,0.0,-0.0,0.0,0.0,False,False,False,1,False,8,0,0,-2.3930860710831086,True,30,37,-926.4484252929688,-356.355712890625,28.5866641998291,-356.355712890625,28.5866641998291,926.4484252929688,40,True,0,12.140680609900643,117.0,38,Manthey Ema 2024 #91:LM,0.2198028564453125,-12.138689041137695,-0.0063826702535152435
4.751219749450684,10.252141952514648,1.2135499715805054,GT3,0,0,0,0,0,0,0,0,0.0,0.0,Lance Arevalo,1276.2025,0,6.955937841162683,0.0,-0.0,0.0,0.0,False,False,False,1,False,8,0,0,-2.359748472378976,True,31,37,-927.271728515625,-357.1785888671875,28.64166259765625,-357.1785888671875,28.64166259765625,927.271728515625,40,True,0,11.151666278688166,117.0,38,Manthey Ema 2024 #91:LM,0.2615933418273926,-11.147148132324219,0.17977271974086761
2.73329496383667,6.115668773651123,-3.5652177333831787,GT3,0,0,0,0,0,0,0,0,0.0,0.0,Lance Arevalo,1276.3025,0,6.955893211272103,0.0,-0.0,0.0,0.0,False,False,False,1,False,8,0,0,-2.322513594871322,True,31,37,-927.9971313476562,-357.96453857421875,28.701419830322266,-357.96453857421875,28.701419830322266,927.9971313476562,40,True,0,10.348093385388955,117.0,38,Manthey Ema 2024 #91:LM,0.26173877716064453,-10.34467887878418,-0.046351052820682526
2.4677038192749023,12.908750534057617,3.3228321075439453,GT3,0,0,0,0,0,0,0,0,0.0,0.0,Lance Arevalo,1276.4025000000001,0,6.955845060537619,0.0,-0.0,0.0,0.0,False,False,False,1,False,8,0,0,-2.2952987443323782,True,31,37,-928.645263671875,-358.7179870605469,28.746728897094727,-358.7179870605469,28.746728897094727,928.645263671875,40,True,0,9.4836508424443,117.0,38,Manthey Ema 2024 #91:LM,0.29372072219848633,-9.479100227355957,0.004507603123784065
1.2982568740844727,6.478542804718018,-2.4979963302612305,GT3,0,0,0,0,0,0,0,0,0.0,0.0,Lance Arevalo,1276.5225,0,6.955784471454916,0.0,-0.0,0.0,0.0,False,False,False,1,False,8,0,0,-2.262175100987162,True,31,37,-929.31005859375,-359.5394287109375,28.815793991088867,-359.5394287109375,28.815793991088867,929.31005859375,40,True,0,8.235496605799446,117.0,38,Manthey Ema 2024 #91:LM,0.19855451583862305,-8.2324857711792,0.10078926384449005
0.5410819053649902,6.4893598556518555,-2.2029263973236084,GT3,0,0,0,0,0,0,0,0,0.0,0.0,Lance Arevalo,1276.6025000000002,0,6.955743016594097,0.0,-0.0,0.0,0.0,False,False,False,1,False,8,0,0,-2.2449004361479608,True,31,37,-929.6991577148438,-360.0377502441406,28.85053825378418,-360.0377502441406,28.85053825378418,929.6991577148438,40,True,0,7.632290741270877,117.0,38,Manthey Ema 2024 #91:LM,0.11176753044128418,-7.631359100341797,-0.04157234728336334
-0.7447216510772705,8.116303443908691,-1.016184687614441,GT3,0,0,0,0,0,0,0,0,0.0,0.0,Lance Arevalo,1276.7025,0,6.955690481853554,0.0,-0.0,0.0,0.0,False,False,False,1,False,8,0,0,-2.2336797257359478,True,31,37,-930.1339111328125,-360.6058349609375,28.892162322998047,-360.6058349609375,28.892162322998047,930.1339111328125,40,True,0,6.718036279134473,117.0,38,Manthey Ema 2024 #91:LM,0.1061558723449707,-6.716459274291992,0.09958511590957642
-0.8753175735473633,10.17713451385498,1.3753138780593872,GT3,0,0,0,0,0,0,0,0,0.0,0.0,Lance Arevalo,1276.8025,0,6.955637433966262,0.0,-0.0,0.0,0.0,False,False,False,1,False,8,0,0,-2.231264907281187,True,31,37,-930.5206909179688,-361.10882568359375,28.929733276367188,-361.10882568359375,28.929733276367188,930.5206909179688,40,True,0,5.9765758419448085,117.0,38,Manthey Ema 2024 #91:LM,-0.01577615737915039,-5.9765400886535645,-0.013359494507312775
-0.5989370346069336,7.914955139160156,-1.8372379541397095,GT3,0,0,0,0,0,0,0,0,0.0,0.0,Lance Arevalo,1276.9025000000001,0,6.955584019100178,0.0,-0.0,0.0,0.0,False,False,False,1,False,8,0,0,-2.2367422816074756,True,31,37,-930.86474609375,-361.5399475097656,28.964330673217773,-361.5399475097656,28.964330673217773,930.86474609375,40,True,0,5.111551948023624,117.0,38,Manthey Ema 2024 #91:LM,-0.06941461563110352,-5.111046314239502,0.018721703439950943
-0.23473763465881348,4.75497579574585,2.4664125442504883,GT3,0,0,0,0,0,0,0,0,0.0,0.0,Lance Arevalo,1277.0025,0,6.955530393291,0.0,-0.0,0.0,0.0,False,False,False,1,False,8,0,0,-2.245994903017723,True,31,37,-931.1683349609375,-361.90594482421875,28.98668670654297,-361.90594482421875,28.98668670654297,931.1683349609375,40,True,0,4.407604808230089,117.0,38,Manthey Ema 2024 #91:LM,-0.14177584648132324,-4.404930591583252,-0.058874767273664474
0.1593153476715088,4.2880635261535645,0.5624565482139587,GT3,0,0,0,0,0,0,0,0,0.0,0.0,Lance Arevalo,1277.1025000000002,0,6.955476651755445,0.0,-0.0,0.0,0.0,False,False,False,1,False,8,0,0,-2.254521312830942,True,31,37,-931.4275512695312,-362.213134765625,29.01056671142578,-362.213134765625,29.01056671142578,931.4275512695312,40,True,0,3.674651016846029,117.0,38,Manthey Ema 2024 #91:LM,-0.016034960746765137,-3.6743478775024414,0.04439201205968857
0.16592717170715332,5.459536552429199,-1.0221693515777588,GT3,0,0,0,0,0,0,0,0,0.0,0.0,Lance Arevalo,1277.2225,0,6.955412080870987,0.0,-0.0,0.0,0.0,False,False,False,1,False,8,0,0,-2.259382308998716,True,31,37,-931.6803588867188,-362.5122985839844,29.038848876953125,-362.5122985839844,29.038848876953125,931.6803588867188,40,True,0,2.8791965655632517,117.0,38,Manthey Ema 2024 #91:LM,-0.06083536148071289,-2.878450393676758,0.02439780905842781
0.6537907123565674,7.298074245452881,-0.17007899284362793,GT3,0,0,0,0,0,0,0,0,0.0,0.0,Lance Arevalo,1277.3025,0,6.955369006792356,0.0,-0.0,0.0,0.0,False,False,False,1,False,8,0,0,-2.2606988358049818,True,31,37,-931.816162109375,-362.6711730957031,29.051429748535156,-362.6711730957031,29.051429748535156,931.816162109375,40,True,0,2.3718535949428654,117.0,38,Manthey Ema 2024 #91:LM,-0.03207385540008545,-2.371629238128662,0.005958229303359985
1.0055327415466309,2.430755853652954,0.11692067235708237,GT3,0,0,0,0,0,0,0,0,0.0,0.0,Lance Arevalo,1277.4225000000001,0,6.955304374471327,0.0,-0.0,0.0,0.0,False,False,False,1,False,8,0,0,-2.2610356627205497,True,31,37,-931.9756469726562,-362.8555603027344,29.066383361816406,-362.8555603027344,29.066383361816406,931.9756469726562,40,True,0,1.7346672620296033,117.0,38,Manthey Ema 2024 #91:LM,-0.027300655841827393,-1.734388828277588,0.014851817861199379
0.0463712215423584,2.6387205123901367,-0.12457418441772461,GT3,0,0,0,0,0,0,0,0,0.0,0.0,Lance Arevalo,1277.5025,0,6.955261278172201,0.0,-0.0,0.0,0.0,False,False,False,1,False,8,0,0,-2.2615724193705007,True,31,37,-932.0574951171875,-362.9526062011719,29.075162887573242,-362.9526062011719,29.075162887573242,932.0574951171875,40,True,0,1.489803057876517,117.0,38,Manthey Ema 2024 #91:LM,-0.011730551719665527,-1.4895703792572021,0.023571819067001343
0.25463253259658813,0.996695876121521,-0.131662055850029,GT3,0,0,0,0,0,0,0,0,0.0,0.0,Lance Arevalo,1277.6225000000002,0,6.955196627331563,0.0,-0.0,0.0,0.0,False,False,False,1,False,8,0,0,-2.261668651368354,True,31,37,-932.1682739257812,-363.083740234375,29.087013244628906,-363.083740234375,29.087013244628906,932.1682739257812,40,True,0,1.391659155199995,117.0,38,Manthey Ema 2024 #91:LM,-0.008384406566619873,-1.3915886878967285,0.011217383667826653
-0.06457611918449402,0.5710278749465942,-0.05483463034033775,GT3,0,0,0,0,0,0,0,0,0.0,0.0,Lance Arevalo,1277.7025,0,6.955153524333656,0.0,-0.0,0.0,0.0,False,False,False,1,False,8,0,0,-2.2617247288653672,True,31,37,-932.2382202148438,-363.1673889160156,29.093809127807617,-363.1673889160156,29.093809127807617,932.2382202148438,40,True,0,1.3407169273020927,117.0,38,Manthey Ema 2024 #91:LM,-0.008129656314849854,-1.340683102607727,0.004960466176271439
0.13187243044376373,0.5237398147583008,-0.016169682145118713,GT3,0,0,0,0,0,0,0,0,0.0,0.0,Lance Arevalo,1277.8225,0,6.955088867909698,0.0,-0.0,0.0,0.0,False,False,False,1,False,8,0,0,-2.2618451654519465,True,31,37,-932.3387451171875,-363.28692626953125,29.103073120117188,-363.28692626953125,29.103073120117188,932.3387451171875,40,True,0,1.2661697158484444,117.0,38,Manthey Ema 2024 #91:LM,-0.00734865665435791,-1.266136884689331,0.00539775937795639
-0.09616264700889587,0.6384355425834656,0.08228850364685059,GT3,0,0,0,0,0,0,0,0,0.0,0.0,Lance Arevalo,1277.9225000000001,0,6.955034986579909,0.0,-0.0,0.0,0.0,False,False,False,1,False,8,0,0,-2.2619441990795264,True,31,37,-932.417724609375,-363.3814392089844,29.110637664794922,-363.3814392089844,29.110637664794922,932.417724609375,40,True,0,1.201227312305703,117.0,38,Manthey Ema 2024 #91:LM,-0.006624162197113037,-1.2011823654174805,0.008006329648196697
-0.010156244039535522,0.7593224048614502,-0.029816994443535805,GT3,0,0,0,0,0,0,0,0,0.0,0.0,Lance Arevalo,1278.0025,0,6.954991881169318,0.0,-0.0,0.0,0.0,False,False,False,1,False,8,0,0,-2.262045622747862,True,31,37,-932.4780883789062,-363.4532470703125,29.116662979125977,-363.4532470703125,29.116662979125977,932.4780883789062,40,True,0,1.1485434429737336,117.0,38,Manthey Ema 2024 #91:LM,-0.005851387977600098,-1.1484898328781128,0.009428967721760273
-0.06804028153419495,0.6189132928848267,0.04620516672730446,GT3,0,0,0,0,0,0,0,0,0.0,0.0,Lance Arevalo,1278.1225000000002,0,6.954927222734404,0.0,-0.0,0.0,0.0,False,False,False,1,False,8,0,0,-2.2622409231915768,True,31,37,-932.5634765625,-363.5546875,29.125364303588867,-363.5546875,29.125364303588867,932.5634765625,40,True,0,1.065294633513053,117.0,38,Manthey Ema 2024 #91:LM,-0.009284436702728271,-1.0651922225952148,0.011488444171845913
0.005928099155426025,1.0894023180007935,-0.006080069579184055,GT3,0,0,0,0,0,0,0,0,0.0,0.0,Lance Arevalo,1278.2225,0,6.954873340543654,0.0,-0.0,0.0,0.0,False,False,False,1,False,8,0,0,-2.262358156526672,True,31,37,-932.6298828125,-363.633056640625,29.13251495361328,-363.633056640625,29.13251495361328,932.6298828125,40,True,0,0.9920116641566736,117.0,38,Manthey Ema 2024 #91:LM,-0.007856488227844238,-0.9919036626815796,0.012350764125585556
0.03540312871336937,0.13776199519634247,-0.012524433434009552,GT3,0,0,0,0,0,0,0,0,0.0,0.0,Lance Arevalo,1278.3225,0,6.954819458275885,0.0,-0.0,0.0,0.0,False,False,False,1,False,8,0,0,-2.262599683380267,True,31,37,-932.69140625,-363.7059631347656,29.139177322387695,-363.7059631347656,29.139177322387695,932.69140625,40,True,0,0.9210498146083689,117.0,38,Manthey Ema 2024 #91:LM,-0.005111634731292725,-0.9209704399108887,0.01095814723521471
0.04311785101890564,0.5921945571899414,-0.09399605542421341,GT3,0,0,0,0,0,0,0,0,0.0,0.0,Lance Arevalo,1278.4225000000001,0,6.954765575965825,0.0,-0.0,0.0,0.0,False,False,False,1,False,8,0,0,-2.262793949954677,True,31,37,-932.748291015625,-363.77362060546875,29.145221710205078,-363.77362060546875,29.145221710205078,932.748291015625,40,True,0,0.8520878320601604,117.0,38,Manthey Ema 2024 #91:LM,-0.0031581521034240723,-0.8520539999008179,0.0069051338359713554
0.025381624698638916,0.7014517784118652,0.00972074456512928,GT3,0,0,0,0,0,0,0,0,0.0,0.0,Lance Arevalo,1278.5225,0,6.954711693632544,0.0,-0.0,0.0,0.0,False,False,False,1,False,8,0,0,-2.2630071507527956,True,31,37,-932.8005981445312,-363.8363342285156,29.150381088256836,-363.8363342285156,29.150381088256836,932.8005981445312,40,True,0,0.7854921355981983,117.0,38,Manthey Ema 2024 #91:LM,0.000559389591217041,-0.7854891419410706,0.002095247618854046
0.011966735124588013,0.36995169520378113,-0.0032147527672350407,GT3,0,0,0,0,0,0,0,0,0.0,0.0,Lance Arevalo,1278.6225000000002,0,6.954657811286511,0.0,-0.0,0.0,0.0,False,False,False,1,False,8,0,0,-2.263221815346615,True,31,37,-932.8485717773438,-363.89422607421875,29.15514373779297,-363.89422607421875,29.15514373779297,932.8485717773438,40,True,0,0.7207689543524504,117.0,38,Manthey Ema 2024 #91:LM,0.002495795488357544,-0.7207527160644531,0.004144737496972084
0.07005777955055237,0.8333263397216797,0.010254446417093277,GT3,0,0,0,0,0,0,0,0,0.0,0.0,Lance Arevalo,1278.7225,0,6.9546039289334765,0.0,-0.0,0.0,0.0,False,False,False,1,False,8,0,0,-2.2633768847888867,True,31,37,-932.8922729492188,-363.94708251953125,29.15948486328125,-363.94708251953125,29.15948486328125,932.8922729492188,40,True,0,0.6540280412396153,117.0,38,Manthey Ema 2024 #91:LM,0.0022026896476745605,-0.6540195941925049,0.002489437349140644
-0.04209908843040466,0.7583305835723877,-0.056984543800354004,GT3,0,0,0,0,0,0,0,0,0.0,0.0,Lance Arevalo,1278.8225,0,6.954550046576595,0.0,-0.0,0.0,0.0,False,False,False,1,False,8,0,0,-2.2635182321941825,True,31,37,-932.9315795898438,-363.994873046875,29.16354751586914,-363.994873046875,29.16354751586914,932.9315795898438,40,True,0,0.5867647326441393,117.0,38,Manthey Ema 2024 #91:LM,0.002603501081466675,-0.5867506265640259,0.0031265770085155964
0.020687758922576904,0.6349284052848816,-0.012775702401995659,GT3,0,0,0,0,0,0,0,0,0.0,0.0,Lance Arevalo,1278.9225000000001,0,6.954496164217604,0.0,-0.0,0.0,0.0,False,False,False,1,False,8,0,0,-2.2636265454533104,True,31,37,-932.966796875,-364.0374450683594,29.16703224182129,-364.0374450683594,29.16703224182129,932.966796875,40,True,0,0.5211020955777385,117.0,38,Manthey Ema 2024 #91:LM,0.002429455518722534,-0.5210952162742615,0.001125760842114687
-0.013495951890945435,0.6199184656143188,-0.047980520874261856,GT3,0,0,0,0,0,0,0,0,0.0,0.0,Lance Arevalo,1279.0225,0,6.954442281857456,0.0,-0.0,0.0,0.0,False,False,False,1,False,8,0,0,-2.263757412685831,True,31,37,-932.9978637695312,-364.07513427734375,29.170093536376953,-364.07513427734375,29.170093536376953,932.9978637695312,40,True,0,0.45810790673625224,117.0,38,Manthey Ema 2024 #91:LM,0.0015132278203964233,-0.4581053853034973,0.00014251936227083206
-0.007480233907699585,0.6809666752815247,-0.06318185478448868,GT3,0,0,0,0,0,0,0,0,0.0,0.0,Lance Arevalo,1279.1225000000002,0,6.954388399496671,0.0,-0.0,0.0,0.0,False,False,False,1,False,8,0,0,-2.263851044177062,True,31,37,-933.0250244140625,-364.1079406738281,29.17264175415039,-364.1079406738281,29.17264175415039,933.0250244140625,40,True,0,0.396261448139888,117.0,38,Manthey Ema 2024 #91:LM,0.0012573152780532837,-0.3962569832801819,-0.0013991575688123703
-0.011578589677810669,0.6345053911209106,0.0326290987432003,GT3,0,0,0,0,0,0,0,0,0.0,0.0,Lance Arevalo,1279.2225,0,6.954334517135537,0.0,-0.0,0.0,0.0,False,False,False,1,False,8,0,0,-2.2639503845541133,True,31,37,-933.04833984375,-364.1360778808594,29.174583435058594,-364.1360778808594,29.174583435058594,933.04833984375,40,True,0,0.3357086282608701,117.0,38,Manthey Ema 2024 #91:LM,0.000200614333152771,-0.3357006311416626,-0.002308483002707362
-0.002758234739303589,0.48205187916755676,-0.02646162360906601,GT3,0,0,0,0,0,0,0,0,0.0,0.0,Lance Arevalo,1279.3225,0,6.954280634774212,0.0,-0.0,0.0,0.0,False,False,False,1,False,8,0,0,-2.264020213784888,True,31,37,-933.06787109375,-364.1595764160156,29.176305770874023,-364.1595764160156,29.176305770874023,933.06787109375,40,True,0,0.2774130635986659,117.0,38,Manthey Ema 2024 #91:LM,0.0007439255714416504,-0.2774091362953186,-0.0012749626766890287
0.0005626678466796875,0.5896836519241333,0.03138234466314316,GT3,0,0,0,0,0,0,0,0,0.0,0.0,Lance Arevalo,1279.4225000000001,0,6.954226752412779,0.0,-0.0,0.0,0.0,False,False,False,1,False,8,0,0,-2.264085941835016,True,31,37,-933.083740234375,-364.1786804199219,29.177656173706055,-364.1786804199219,29.177656173706055,933.083740234375,40,True,0,0.220132524794047,117.0,38,Manthey Ema 2024 #91:LM,0.0002039298415184021,-0.22012892365455627,-0.001242519821971655
-0.0014835596084594727,0.6423695087432861,-0.06618320941925049,GT3,0,0,0,0,0,0,0,0,0.0,0.0,Lance Arevalo,1279.5225,0,6.9541728700512895,0.0,-0.0,0.0,0.0,False,False,False,1,False,8,0,0,-2.264142295936116,True,31,37,-933.0960083007812,-364.1934509277344,29.178695678710938,-364.1934509277344,29.178695678710938,933.0960083007812,40,True,0,0.16428272597550433,117.0,38,Manthey Ema 2024 #91:LM,0.00043279677629470825,-0.1642763763666153,-0.0013780089793726802
0.005473315715789795,0.530340313911438,-0.015153879299759865,GT3,0,0,0,0,0,0,0,0,0.0,0.0,Lance Arevalo,1279.6225000000002,0,6.954118987689768,0.0,-0.0,0.0,0.0,False,False,False,1,False,8,0,0,-2.2642362754077316,True,31,37,-933.104736328125,-364.203857421875,29.17939567565918,-364.203857421875,29.17939567565918,933.104736328125,40,True,0,0.10834704502873284,117.0,38,Manthey Ema 2024 #91:LM,3.870949149131775e-05,-0.10834673792123795,-0.0002550487406551838
0.031964123249053955,0.591961145401001,0.03737593814730644,GT3,0,0,0,0,0,0,0,0,0.0,0.0,Lance Arevalo,1279.7225,0,6.954065105328227,0.0,-0.0,0.0,0.0,False,False,False,1,False,8,0,0,-2.2642613021040523,True,31,37,-933.1099243164062,-364.21002197265625,29.17980194091797,-364.21002197265625,29.17980194091797,933.1099243164062,40,True,0,0.05333092031769548,117.0,38,Manthey Ema 2024 #91:LM,0.0006528422236442566,-0.053324710577726364,0.000485902011860162
-0.011563867330551147,0.5097024440765381,0.011732159182429314,GT3,0,0,0,0,0,0,0,0,0.0,0.0,Lance Arevalo,1279.8425,0,6.954000446494377,0.0,-0.0,0.0,0.0,False,False,False,1,False,8,0,0,-2.264284696289921,True,31,37,-933.1114501953125,-364.2119140625,29.179996490478516,-364.2119140625,29.179996490478516,933.1114501953125,40,True,0,0.010940963989540723,117.0,38,Manthey Ema 2024 #91:LM,-7.500452920794487e-05,0.010928304865956306,-0.0005207879585213959
0.019771695137023926,0.4926450848579407,-0.0005327127873897552,GT3,0,0,0,0,0,0,0,0,0.0,0.0,Lance Arevalo,1279.9225000000001,0,6.953957340605144,0.0,-0.0,0.0,0.0,False,False,False,1,False,8,0,0,-2.2642847492871536,True,31,37,-933.1099853515625,-364.2100830078125,29.17987632751465,-364.2100830078125,29.17987632751465,933.1099853515625,40,True,0,0.04831361305504497,117.0,38,Manthey Ema 2024 #91:LM,5.4894015192985535e-05,0.04830421507358551,0.0009513144614174962
-0.006958618760108948,0.4515320062637329,0.007693957071751356,GT3,0,0,0,0,0,0,0,0,0.0,0.0,Lance Arevalo,1280.0225,0,6.953903458243603,0.0,-0.0,0.0,0.0,False,False,False,1,False,8,0,0,-2.264261781971467,True,31,37,-933.1053466796875,-364.2046203613281,29.179485321044922,-364.2046203613281,29.179485321044922,933.1053466796875,40,True,0,0.0948405562883407,117.0,38,Manthey Ema 2024 #91:LM,-0.00021851062774658203,0.09484000504016876,0.0002383572282269597
-0.008291095495223999,0.44976747035980225,0.0030707172118127346,GT3,0,0,0,0,0,0,0,0,0.0,0.0,Lance Arevalo,1280.1425000000002,0,6.953838799409753,0.0,-0.0,0.0,0.0,False,False,False,1,False,8,0,0,-2.264226282786456,True,31,37,-933.0958862304688,-364.1932678222656,29.17872428894043,-364.1932678222656,29.17872428894043,933.0958862304688,40,True,0,0.15109820642725244,117.0,38,Manthey Ema 2024 #91:LM,0.0005353391170501709,0.1510971039533615,0.00021581118926405907
0.04846157133579254,0.37325072288513184,-0.06412022560834885,GT3,0,0,0,0,0,0,0,0,0.0,0.0,Lance Arevalo,1280.2225,0,6.95379569352052,0.0,-0.0,0.0,0.0,False,False,False,1,False,8,0,0,-2.2641934388385665,True,31,37,-933.0872802734375,-364.1828308105469,29.17803192138672,-364.1828308105469,29.17803192138672,933.0872802734375,40,True,0,0.18845775721098115,117.0,38,Manthey Ema 2024 #91:LM,-0.00028587132692337036,0.18845020234584808,0.001663059345446527
-0.0064989179372787476,0.5142526626586914,0.018532253801822662,GT3,0,0,0,0,0,0,0,0,0.0,0.0,Lance Arevalo,1280.3425,0,6.953731034686638,0.0,-0.0,0.0,0.0,False,False,False,1,False,8,0,0,-2.2641496528050755,True,31,37,-933.0706787109375,-364.162841796875,29.176603317260742,-364.162841796875,29.176603317260742,933.0706787109375,40,True,0,0.24500537998305363,117.0,38,Manthey Ema 2024 #91:LM,-0.00037551671266555786,0.2449990212917328,0.0017247532960027456
-0.0064989179372787476,0.5142526626586914,0.018532253801822662,GT3,0,0,0,0,0,0,0,0,0.0,0.0,Lance Arevalo,1280.3425,0,6.953731034686638,0.0,-0.0,0.0,0.0,False,False,False,1,False,8,0,0,-2.2641496528050755,True,31,37,-933.0706787109375,-364.162841796875,29.176603317260742,-364.162841796875,29.176603317260742,933.0706787109375,40,True,0,0.24500537998305363,117.0,38,Manthey Ema 2024 #91:LM,-0.00037551671266555786,0.2449990212917328,0.0017247532960027456
-0.0064989179372787476,0.5142526626586914,0.018532253801822662,GT3,0,0,0,0,0,0,0,0,0.0,0.0,Lance Arevalo,1280.3425,0,6.953731034686638,0.0,-0.0,0.0,0.0,False,False,False,1,False,8,0,0,-2.2641496528050755,True,31,37,-933.0706787109375,-364.162841796875,29.176603317260742,-364.162841796875,29.176603317260742,933.0706787109375,40,True,0,0.24500537998305363,117.0,38,Manthey Ema 2024 #91:LM,-0.00037551671266555786,0.2449990212917328,0.0017247532960027456
-0.0064989179372787476,0.5142526626586914,0.018532253801822662,GT3,0,0,0,0,0,0,0,0,0.0,0.0,Lance Arevalo,1280.3425,0,6.953731034686638,0.0,-0.0,0.0,0.0,False,False,False,1,False,8,0,0,-2.2641496528050755,True,31,37,-933.0706787109375,-364.162841796875,29.176603317260742,-364.162841796875,29.176603317260742,933.0706787109375,40,True,0,0.24500537998305363,117.0,38,Manthey Ema 2024 #91:LM,-0.00037551671266555786,0.2449990212917328,0.0017247532960027456
-0.0064989179372787476,0.5142526626586914,0.018532253801822662,GT3,0,0,0,0,0,0,0,0,0.0,0.0,Lance Arevalo,1280.3425,0,6.953731034686638,0.0,-0.0,0.0,0.0,False,False,False,1,False,8,0,0,-2.2641496528050755,True,31,37,-933.0706787109375,-364.162841796875,29.176603317260742,-364.162841796875,29.176603317260742,933.0706787109375,40,True,0,0.24500537998305363,117.0,38,Manthey Ema 2024 #91:LM,-0.00037551671266555786,0.2449990212917328,0.0017247532960027456
-0.0064989179372787476,0.5142526626586914,0.018532253801822662,GT3,0,0,0,0,0,0,0,0,0.0,0.0,Lance Arevalo,1280.3425,0,6.953731034686638,0.0,-0.0,0.0,0.0,False,False,False,1,False,8,0,0,-2.2641496528050755,True,31,37,-933.0706787109375,-364.162841796875,29.176603317260742,-364.162841796875,29.176603317260742,933.0706787109375,40,True,0,0.24500537998305363,117.0,38,Manthey Ema 2024 #91:LM,-0.00037551671266555786,0.2449990212917328,0.0017247532960027456
-0.0064989179372787476,0.5142526626586914,0.018532253801822662,GT3,0,0,0,0,0,0,0,0,0.0,0.0,Lance Arevalo,1280.3425,0,6.953731034686638,0.0,-0.0,0.0,0.0,False,False,False,1,False,8,0,0,-2.2641496528050755,True,31,37,-933.0706787109375,-364.162841796875,29.176603317260742,-364.162841796875,29.176603317260742,933.0706787109375,40,True,0,0.24500537998305363,117.0,38,Manthey Ema 2024 #91:LM,-0.00037551671266555786,0.2449990212917328,0.0017247532960027456
-0.0064989179372787476,0.5142526626586914,0.018532253801822662,GT3,0,0,0,0,0,0,0,0,0.0,0.0,Lance Arevalo,1280.3425,0,6.953731034686638,0.0,-0.0,0.0,0.0,False,False,False,1,False,8,0,0,-2.2641496528050755,True,31,37,-933.0706787109375,-364.162841796875,29.176603317260742,-364.162841796875,29.176603317260742,933.0706787109375,40,True,0,0.24500537998305363,117.0,38,Manthey Ema 2024 #91:LM,-0.00037551671266555786,0.2449990212917328,0.0017247532960027456
-0.0064989179372787476,0.5142526626586914,0.018532253801822662,GT3,0,0,0,0,0,0,0,0,0.0,0.0,Lance Arevalo,1280.3425,0,6.953731034686638,0.0,-0.0,0.0,0.0,False,False,False,1,False,8,0,0,-2.2641496528050755,True,31,37,-933.0706787109375,-364.162841796875,29.176603317260742,-364.162841796875,29.176603317260742,933.0706787109375,40,True,0,0.24500537998305363,117.0,38,Manthey Ema 2024 #91:LM,-0.00037551671266555786,0.2449990212917328,0.0017247532960027456
-0.0064989179372787476,0.5142526626586914,0.018532253801822662,GT3,0,0,0,0,0,0,0,0,0.0,0.0,Lance Arevalo,1280.3425,0,6.953731034686638,0.0,-0.0,0.0,0.0,False,False,False,1,False,8,0,0,-2.2641496528050755,True,31,37,-933.0706787109375,-364.162841796875,29.176603317260742,-364.162841796875,29.176603317260742,933.0706787109375,40,True,0,0.24500537998305363,117.0,38,Manthey Ema 2024 #91:LM,-0.00037551671266555786,0.2449990212917328,0.0017247532960027456
-0.0064989179372787476,0.5142526626586914,0.018532253801822662,GT3,0,0,0,0,0,0,0,0,0.0,0.0,Lance Arevalo,1280.3425,0,6.953731034686638,0.0,-0.0,0.0,0.0,False,False,False,1,False,8,0,0,-2.2641496528050755,True,31,37,-933.0706787109375,-364.162841796875,29.176603317260742,-364.162841796875,29.176603317260742,933.0706787109375,40,True,0,0.24500537998305363,117.0,38,Manthey Ema 2024 #91:LM,-0.00037551671266555786,0.2449990212917328,0.0017247532960027456
-0.0064989179372787476,0.5142526626586914,0.018532253801822662,GT3,0,0,0,0,0,0,0,0,0.0,0.0,Lance Arevalo,1280.3425,0,6.953731034686638,0.0,-0.0,0.0,0.0,False,False,False,1,False,8,0,0,-2.2641496528050755,True,31,37,-933.0706787109375,-364.162841796875,29.176603317260742,-364.162841796875,29.176603317260742,933.0706787109375,40,True,0,0.24500537998305363,117.0,38,Manthey Ema 2024 #91:LM,-0.00037551671266555786,0.2449990212917328,0.0017247532960027456
-0.0064989179372787476,0.5142526626586914,0.018532253801822662,GT3,0,0,0,0,0,0,0,0,0.0,0.0,Lance Arevalo,1280.3425,0,6.953731034686638,0.0,-0.0,0.0,0.0,False,False,False,1,False,8,0,0,-2.2641496528050755,True,31,37,-933.0706787109375,-364.162841796875,29.176603317260742,-364.162841796875,29.176603317260742,933.0706787109375,40,True,0,0.24500537998305363,117.0,38,Manthey Ema 2024 #91:LM,-0.00037551671266555786,0.2449990212917328,0.0017247532960027456
-0.0064989179372787476,0.5142526626586914,0.018532253801822662,GT3,0,0,0,0,0,0,0,0,0.0,0.0,Lance Arevalo,1280.3425,0,6.953731034686638,0.0,-0.0,0.0,0.0,False,False,False,1,False,8,0,0,-2.2641496528050755,True,31,37,-933.0706787109375,-364.162841796875,29.176603317260742,-364.162841796875,29.176603317260742,933.0706787109375,40,True,0,0.24500537998305363,117.0,38,Manthey Ema 2024 #91:LM,-0.00037551671266555786,0.2449990212917328,0.0017247532960027456
-0.0064989179372787476,0.5142526626586914,0.018532253801822662,GT3,0,0,0,0,0,0,0,0,0.0,0.0,Lance Arevalo,1280.3425,0,6.953731034686638,0.0,-0.0,0.0,0.0,False,False,False,1,False,8,0,0,-2.2641496528050755,True,31,37,-933.0706787109375,-364.162841796875,29.176603317260742,-364.162841796875,29.176603317260742,933.0706787109375,40,True,0,0.24500537998305363,117.0,38,Manthey Ema 2024 #91:LM,-0.00037551671266555786,0.2449990212917328,0.0017247532960027456
-0.0064989179372787476,0.5142526626586914,0.018532253801822662,GT3,0,0,0,0,0,0,0,0,0.0,0.0,Lance Arevalo,1280.3425,0,6.953731034686638,0.0,-0.0,0.0,0.0,False,False,False,1,False,8,0,0,-2.2641496528050755,True,31,37,-933.0706787109375,-364.162841796875,29.176603317260742,-364.162841796875,29.176603317260742,933.0706787109375,40,True,0,0.24500537998305363,117.0,38,Manthey Ema 2024 #91:LM,-0.00037551671266555786,0.2449990212917328,0.0017247532960027456
-0.0064989179372787476,0.5142526626586914,0.018532253801822662,GT3,0,0,0,0,0,0,0,0,0.0,0.0,Lance Arevalo,1280.3425,0,6.953731034686638,0.0,-0.0,0.0,0.0,False,False,False,1,False,8,0,0,-2.2641496528050755,True,31,37,-933.0706787109375,-364.162841796875,29.176603317260742,-364.162841796875,29.176603317260742,933.0706787109375,40,True,0,0.24500537998305363,117.0,38,Manthey Ema 2024 #91:LM,-0.00037551671266555786,0.2449990212917328,0.0017247532960027456
-0.0064989179372787476,0.5142526626586914,0.018532253801822662,GT3,0,0,0,0,0,0,0,0,0.0,0.0,Lance Arevalo,1280.3425,0,6.953731034686638,0.0,-0.0,0.0,0.0,False,False,False,1,False,8,0,0,-2.2641496528050755,True,31,37,-933.0706787109375,-364.162841796875,29.176603317260742,-364.162841796875,29.176603317260742,933.0706787109375,40,True,0,0.24500537998305363,117.0,38,Manthey Ema 2024 #91:LM,-0.00037551671266555786,0.2449990212917328,0.0017247532960027456
-0.0064989179372787476,0.5142526626586914,0.018532253801822662,GT3,0,0,0,0,0,0,0,0,0.0,0.0,Lance Arevalo,1280.3425,0,6.953731034686638,0.0,-0.0,0.0,0.0,False,False,False,1,False,8,0,0,-2.2641496528050755,True,31,37,-933.0706787109375,-364.162841796875,29.176603317260742,-364.162841796875,29.176603317260742,933.0706787109375,40,True,0,0.24500537998305363,117.0,38,Manthey Ema 2024 #91:LM,-0.00037551671266555786,0.2449990212917328,0.0017247532960027456
