elapsed_time,gear,gear_max,lap_number,oil_temperature,rpm,rpm_max,torque,turbo,water_temperature
389.90250000000003,5,6,3,0.0,8608.518350369104,9400.0,0.0,101325.0,0.0
390.0225,5,6,3,0.0,8638.344165442986,9400.0,0.0,101325.0,0.0
390.1025,5,6,3,0.0,8638.762646579973,9400.0,0.0,101325.0,0.0
390.2225,5,6,3,0.0,8668.575056269245,9400.0,0.0,101325.0,0.0
390.3025,5,6,3,0.0,8671.237482221553,9400.0,0.0,101325.0,0.0
390.4225,5,6,3,0.0,8694.72138468881,9400.0,0.0,101325.0,0.0
390.5225,5,6,3,0.0,8712.66012066958,9400.0,0.0,101325.0,0.0
390.6225,5,6,3,0.0,8730.724750697133,9400.0,0.0,101325.0,0.0
390.7225,5,6,3,0.0,8745.097654371373,9400.0,0.0,101325.0,0.0
390.8225,5,6,3,0.0,8761.667292593393,9400.0,0.0,101325.0,0.0
390.9225,5,6,3,0.0,8777.761331083126,9400.0,0.0,101325.0,0.0
391.0225,5,6,3,0.0,8791.01750793499,9400.0,0.0,101325.0,0.0
391.1225,5,6,3,0.0,8802.686020974661,9400.0,0.0,101325.0,0.0
391.2225,5,6,3,0.0,8823.648545449429,9400.0,0.0,101325.0,0.0
391.3225,5,6,3,0.0,8830.225926550962,9400.0,0.0,101325.0,0.0
391.4225,5,6,3,0.0,8850.42550978852,9400.0,0.0,101325.0,0.0
391.5225,5,6,3,0.0,8844.366858787153,9400.0,0.0,101325.0,0.0
391.6225,5,6,3,0.0,8870.827922323671,9400.0,0.0,101325.0,0.0
391.7225,5,6,3,0.0,8885.620472820518,9400.0,0.0,101325.0,0.0
391.8225,5,6,3,0.0,8886.80480940876,9400.0,0.0,101325.0,0.0
391.9225,5,6,3,0.0,8901.798440674771,9400.0,0.0,101325.0,0.0
392.0225,5,6,3,0.0,8919.930097625378,9400.0,0.0,101325.0,0.0
392.1225,5,6,3,0.0,8933.446222370134,9400.0,0.0,101325.0,0.0
392.2225,5,6,3,0.0,8949.418446712749,9400.0,0.0,101325.0,0.0
392.34250000000003,5,6,3,0.0,8954.657037881609,9400.0,0.0,101325.0,0.0
392.4225,5,6,3,0.0,8971.188208478223,9400.0,0.0,101325.0,0.0
392.5425,5,6,3,0.0,8986.159108874677,9400.0,0.0,101325.0,0.0
392.6425,5,6,3,0.0,9003.179284588188,9400.0,0.0,101325.0,0.0
392.7225,5,6,3,0.0,9013.024082477954,9400.0,0.0,101325.0,0.0
392.84250000000003,5,6,3,0.0,9022.230667491673,9400.0,0.0,101325.0,0.0
392.9225,5,6,3,0.0,9028.292232707088,9400.0,0.0,101325.0,0.0
393.0425,5,6,3,0.0,9031.152825214516,9400.0,0.0,101325.0,0.0
393.1425,5,6,3,0.0,9043.583113805778,9400.0,0.0,101325.0,0.0
393.2225,5,6,3,0.0,9070.86831707447,9400.0,0.0,101325.0,0.0
393.34250000000003,5,6,3,0.0,9071.613773027404,9400.0,0.0,101325.0,0.0
393.4425,5,6,3,0.0,9089.578154091778,9400.0,0.0,101325.0,0.0
393.5425,5,6,3,0.0,9095.103503922752,9400.0,0.0,101325.0,0.0
393.6425,5,6,3,0.0,9097.250113988941,9400.0,0.0,101325.0,0.0
393.7425,5,6,3,0.0,9160.493221526838,9400.0,0.0,101325.0,0.0
393.84250000000003,5,6,3,0.0,9227.437963745804,9400.0,0.0,101325.0,0.0
393.9425,5,6,3,0.0,9265.23881697762,9400.0,0.0,101325.0,0.0
394.0425,5,6,3,0.0,9254.459722064748,9400.0,0.0,101325.0,0.0
394.1425,5,6,3,0.0,9257.299915073856,9400.0,0.0,101325.0,0.0
394.2425,5,6,3,0.0,9193.215765362318,9400.0,0.0,101325.0,0.0
394.3625,5,6,3,0.0,9137.591579025948,9400.0,0.0,101325.0,0.0
394.4425,5,6,3,0.0,9176.487593896203,9400.0,0.0,101325.0,0.0
394.5425,5,6,3,0.0,9174.678449816525,9400.0,0.0,101325.0,0.0
394.6425,5,6,3,0.0,9179.439692724673,9400.0,0.0,101325.0,0.0
394.7425,5,6,3,0.0,9221.824604650645,9400.0,0.0,101325.0,0.0
394.84250000000003,5,6,3,0.0,9209.117465725025,9400.0,0.0,101325.0,0.0
394.9425,5,6,3,0.0,9135.115662772576,9400.0,0.0,101325.0,0.0
395.0625,5,6,3,0.0,9154.55580182978,9400.0,0.0,101325.0,0.0
395.1425,5,6,3,0.0,9161.122108917938,9400.0,0.0,101325.0,0.0
395.2625,5,6,3,0.0,9172.74865727535,9400.0,0.0,101325.0,0.0
395.34250000000003,5,6,3,0.0,9173.660806271708,9400.0,0.0,101325.0,0.0
395.46250000000003,5,6,3,0.0,9180.304631453486,9400.0,0.0,101325.0,0.0
395.5425,5,6,3,0.0,9196.67435459196,9400.0,0.0,101325.0,0.0
395.6625,6,6,3,0.0,8075.711430676688,9400.0,0.0,101325.0,0.0
395.7625,6,6,3,0.0,8086.7994322784225,9400.0,0.0,101325.0,0.0
395.84250000000003,6,6,3,0.0,8083.147339236136,9400.0,0.0,101325.0,0.0
395.96250000000003,6,6,3,0.0,8097.218913178033,9400.0,0.0,101325.0,0.0
396.0425,6,6,3,0.0,8114.006534610684,9400.0,0.0,101325.0,0.0
396.1625,6,6,3,0.0,8128.783931194493,9400.0,0.0,101325.0,0.0
396.2625,6,6,3,0.0,8136.144653031556,9400.0,0.0,101325.0,0.0
396.3625,6,6,3,0.0,8151.9892347989635,9400.0,0.0,101325.0,0.0
396.46250000000003,6,6,3,0.0,8154.501287306505,9400.0,0.0,101325.0,0.0
396.5625,6,6,3,0.0,8158.557873258359,9400.0,0.0,101325.0,0.0
396.6625,6,6,3,0.0,8179.540797231447,9400.0,0.0,101325.0,0.0
396.7625,6,6,3,0.0,8193.296470370773,9400.0,0.0,101325.0,0.0
396.8625,6,6,3,0.0,8198.392847894194,9400.0,0.0,101325.0,0.0
396.96250000000003,6,6,3,0.0,8207.070794479992,9400.0,0.0,101325.0,0.0
397.0625,6,6,3,0.0,8202.712878795795,9400.0,0.0,101325.0,0.0
397.1625,6,6,3,0.0,8221.110894910194,9400.0,0.0,101325.0,0.0
397.2625,6,6,3,0.0,8238.704005105124,9400.0,0.0,101325.0,0.0
397.3625,6,6,3,0.0,8208.27261635251,9400.0,0.0,101325.0,0.0
397.46250000000003,6,6,3,0.0,8214.678058825337,9400.0,0.0,101325.0,0.0
397.5625,6,6,3,0.0,8218.435646416085,9400.0,0.0,101325.0,0.0
397.6825,6,6,3,0.0,8182.280158434567,9400.0,0.0,101325.0,0.0
397.7625,6,6,3,0.0,8148.409414265014,9400.0,0.0,101325.0,0.0
397.8625,6,6,3,0.0,8096.471708696672,9400.0,0.0,101325.0,0.0
397.9825,6,6,3,0.0,7945.552723060284,9400.0,0.0,101325.0,0.0
398.0625,6,6,3,0.0,7816.45945209905,9400.0,0.0,101325.0,0.0
398.1825,6,6,3,0.0,7578.589061975977,9400.0,0.0,101325.0,0.0
398.2825,6,6,3,0.0,7254.516220376006,9400.0,0.0,101325.0,0.0
398.3625,6,6,3,0.0,7008.794937613352,9400.0,0.0,101325.0,0.0
398.4825,6,6,3,0.0,6742.000390242188,9400.0,0.0,101325.0,0.0
398.5825,6,6,3,0.0,6500.202222428087,9400.0,0.0,101325.0,0.0
398.6625,0,6,3,0.0,7335.849603025059,9400.0,0.0,101325.0,0.0
398.7825,5,6,3,0.0,6861.481417594517,9400.0,0.0,101325.0,0.0
398.8625,5,6,3,0.0,6749.809318199507,9400.0,0.0,101325.0,0.0
398.9825,0,6,3,0.0,6812.857756239141,9400.0,0.0,101325.0,0.0
399.0825,4,6,3,0.0,7243.114066500127,9400.0,0.0,101325.0,0.0
399.1825,4,6,3,0.0,6994.831189591151,9400.0,0.0,101325.0,0.0
399.2825,4,6,3,0.0,6769.177184748373,9400.0,0.0,101325.0,0.0
399.3825,4,6,3,0.0,6609.591326539561,9400.0,0.0,101325.0,0.0
399.4825,4,6,3,0.0,6452.519269366719,9400.0,0.0,101325.0,0.0
399.5825,3,6,3,0.0,7433.691425401169,9400.0,0.0,101325.0,0.0
399.6825,3,6,3,0.0,7226.531605736305,9400.0,0.0,101325.0,0.0
399.7825,3,6,3,0.0,7057.653484620825,9400.0,0.0,101325.0,0.0
399.8825,3,6,3,0.0,6914.401796139126,9400.0,0.0,101325.0,0.0
399.9825,3,6,3,0.0,6766.638904314418,9400.0,0.0,101325.0,0.0
400.0825,3,6,3,0.0,6645.285785859021,9400.0,0.0,101325.0,0.0
400.1825,3,6,3,0.0,6501.2070434311045,9400.0,0.0,101325.0,0.0
400.2825,3,6,3,0.0,6444.897433951145,9400.0,0.0,101325.0,0.0
400.40250000000003,3,6,3,0.0,6249.555335085101,9400.0,0.0,101325.0,0.0
400.4825,3,6,3,0.0,6150.020937191149,9400.0,0.0,101325.0,0.0
400.6025,3,6,3,0.0,5973.719730058024,9400.0,0.0,101325.0,0.0
400.6825,3,6,3,0.0,5868.019438085815,9400.0,0.0,101325.0,0.0
400.7825,3,6,3,0.0,5661.632467985915,9400.0,0.0,101325.0,0.0
400.8825,3,6,3,0.0,5549.484186015809,9400.0,0.0,101325.0,0.0
400.9825,3,6,3,0.0,5421.307726793408,9400.0,0.0,101325.0,0.0
401.1025,3,6,3,0.0,5335.005026353333,9400.0,0.0,101325.0,0.0
401.1825,3,6,3,0.0,5236.357132372134,9400.0,0.0,101325.0,0.0
401.3025,3,6,3,0.0,5028.201234346391,9400.0,0.0,101325.0,0.0
401.3825,3,6,3,0.0,4938.848517485906,9400.0,0.0,101325.0,0.0
401.5025,3,6,3,0.0,4752.970037312427,9400.0,0.0,101325.0,0.0
401.6025,3,6,3,0.0,4634.830131264009,9400.0,0.0,101325.0,0.0
401.7025,3,6,3,0.0,4285.828811294243,9400.0,0.0,101325.0,0.0
401.8025,3,6,3,0.0,4400.169456491058,9400.0,0.0,101325.0,0.0
401.90250000000003,3,6,3,0.0,4257.866636102695,9400.0,0.0,101325.0,0.0
402.0025,3,6,3,0.0,4166.531379426804,9400.0,0.0,101325.0,0.0
402.1025,3,6,3,0.0,4020.398407517952,9400.0,0.0,101325.0,0.0
402.2025,3,6,3,0.0,4099.106083311675,9400.0,0.0,101325.0,0.0
402.3025,3,6,3,0.0,3904.994365615798,9400.0,0.0,101325.0,0.0
402.40250000000003,3,6,3,0.0,3705.49339188489,9400.0,0.0,101325.0,0.0
402.5025,3,6,3,0.0,3802.3394273215254,9400.0,0.0,101325.0,0.0
402.6025,3,6,3,0.0,3730.5052167763965,9400.0,0.0,101325.0,0.0
402.7025,3,6,3,0.0,3704.7397761326274,9400.0,0.0,101325.0,0.0
402.8025,3,6,3,0.0,3678.186914853664,9400.0,0.0,101325.0,0.0
402.90250000000003,3,6,3,0.0,3698.485872790186,9400.0,0.0,101325.0,0.0
403.0025,3,6,3,0.0,3818.9111054933774,9400.0,0.0,101325.0,0.0
403.1025,3,6,3,0.0,3868.74096004234,9400.0,0.0,101325.0,0.0
403.2225,3,6,3,0.0,4226.349411196588,9400.0,0.0,101325.0,0.0
403.3025,3,6,3,0.0,4048.8729015387635,9400.0,0.0,101325.0,0.0
403.4225,3,6,3,0.0,4153.653467558095,9400.0,0.0,101325.0,0.0
403.5025,3,6,3,0.0,4171.645533655905,9400.0,0.0,101325.0,0.0
403.6225,3,6,3,0.0,4167.592153339501,9400.0,0.0,101325.0,0.0
403.7225,3,6,3,0.0,4261.141921268852,9400.0,0.0,101325.0,0.0
403.8225,3,6,3,0.0,4365.1216612683775,9400.0,0.0,101325.0,0.0
403.9225,3,6,3,0.0,4460.722453043211,9400.0,0.0,101325.0,0.0
404.0025,3,6,3,0.0,4533.281137200144,9400.0,0.0,101325.0,0.0
404.1225,3,6,3,0.0,4643.8674004416625,9400.0,0.0,101325.0,0.0
404.2025,3,6,3,0.0,4726.160433776022,9400.0,0.0,101325.0,0.0
404.3225,3,6,3,0.0,4836.336084258477,9400.0,0.0,101325.0,0.0
404.40250000000003,3,6,3,0.0,4910.117281207653,9400.0,0.0,101325.0,0.0
404.5225,3,6,3,0.0,5017.859854383209,9400.0,0.0,101325.0,0.0
404.6225,3,6,3,0.0,5113.720011208126,9400.0,0.0,101325.0,0.0
404.7225,3,6,3,0.0,5215.00410321522,9400.0,0.0,101325.0,0.0
404.8225,3,6,3,0.0,5301.293981113494,9400.0,0.0,101325.0,0.0
404.9225,3,6,3,0.0,5400.645366365366,9400.0,0.0,101325.0,0.0
405.0225,3,6,3,0.0,5480.143377008329,9400.0,0.0,101325.0,0.0
405.1225,3,6,3,0.0,5572.295487881278,9400.0,0.0,101325.0,0.0
405.2225,3,6,3,0.0,5674.320373098833,9400.0,0.0,101325.0,0.0
405.3225,3,6,3,0.0,5756.693547319454,9400.0,0.0,101325.0,0.0
405.4225,3,6,3,0.0,5816.304378470578,9400.0,0.0,101325.0,0.0
405.5425,3,6,3,0.0,5908.855153825002,9400.0,0.0,101325.0,0.0
405.6225,3,6,3,0.0,5983.481181426077,9400.0,0.0,101325.0,0.0
405.7425,3,6,3,0.0,6109.165404796449,9400.0,0.0,101325.0,0.0
405.8225,3,6,3,0.0,6177.290403703992,9400.0,0.0,101325.0,0.0
405.9225,3,6,3,0.0,6283.725077615761,9400.0,0.0,101325.0,0.0
406.0425,3,6,3,0.0,6379.330532133068,9400.0,0.0,101325.0,0.0
406.1225,3,6,3,0.0,6473.914263205894,9400.0,0.0,101325.0,0.0
406.2425,3,6,3,0.0,6607.822981456526,9400.0,0.0,101325.0,0.0
406.3225,3,6,3,0.0,6671.666999930683,9400.0,0.0,101325.0,0.0
406.4425,3,6,3,0.0,6808.867031524724,9400.0,0.0,101325.0,0.0
406.5425,3,6,3,0.0,6906.757812696805,9400.0,0.0,101325.0,0.0
406.6425,3,6,3,0.0,7017.887868279282,9400.0,0.0,101325.0,0.0
406.7425,3,6,3,0.0,7101.022235208685,9400.0,0.0,101325.0,0.0
406.84250000000003,3,6,3,0.0,7087.433837955592,9400.0,0.0,101325.0,0.0
406.9425,3,6,3,0.0,7016.814271824783,9400.0,0.0,101325.0,0.0
407.0225,3,6,3,0.0,7015.822273363568,9400.0,0.0,101325.0,0.0
407.1425,3,6,3,0.0,7101.09567340264,9400.0,0.0,101325.0,0.0
407.2425,3,6,3,0.0,7255.369502248637,9400.0,0.0,101325.0,0.0
407.34250000000003,3,6,3,0.0,7356.201308235812,9400.0,0.0,101325.0,0.0
407.4425,3,6,3,0.0,7433.275275635418,9400.0,0.0,101325.0,0.0
407.5425,3,6,3,0.0,7496.20539658479,9400.0,0.0,101325.0,0.0
407.6425,3,6,3,0.0,7508.54592738344,9400.0,0.0,101325.0,0.0
407.7425,3,6,3,0.0,7557.367755293936,9400.0,0.0,101325.0,0.0
407.84250000000003,3,6,3,0.0,7648.119877739248,9400.0,0.0,101325.0,0.0
407.9425,3,6,3,0.0,7706.476431165028,9400.0,0.0,101325.0,0.0
408.0425,3,6,3,0.0,7781.99362542133,9400.0,0.0,101325.0,0.0
408.1425,3,6,3,0.0,7852.299622120804,9400.0,0.0,101325.0,0.0
408.2425,3,6,3,0.0,7943.294790017542,9400.0,0.0,101325.0,0.0
408.34250000000003,3,6,3,0.0,7987.8099924110475,9400.0,0.0,101325.0,0.0
408.4425,3,6,3,0.0,8060.099403190142,9400.0,0.0,101325.0,0.0
408.5425,3,6,3,0.0,8086.573289268463,9400.0,0.0,101325.0,0.0
408.6625,3,6,3,0.0,8166.356892887922,9400.0,0.0,101325.0,0.0
408.7425,3,6,3,0.0,8193.34659485236,9400.0,0.0,101325.0,0.0
408.8625,3,6,3,0.0,8237.737068884704,9400.0,0.0,101325.0,0.0
408.9425,3,6,3,0.0,8255.248581086349,9400.0,0.0,101325.0,0.0
409.0625,3,6,3,0.0,8353.137030887194,9400.0,0.0,101325.0,0.0
409.1425,3,6,3,0.0,8411.182346252874,9400.0,0.0,101325.0,0.0
409.2425,3,6,3,0.0,8513.17867217278,9400.0,0.0,101325.0,0.0
409.3625,3,6,3,0.0,8666.39697269136,9400.0,0.0,101325.0,0.0
409.4425,3,6,3,0.0,8728.980302169273,9400.0,0.0,101325.0,0.0
409.5625,3,6,3,0.0,8775.013227237869,9400.0,0.0,101325.0,0.0
409.6425,3,6,3,0.0,8800.56097609241,9400.0,0.0,101325.0,0.0
409.7625,3,6,3,0.0,8859.63151195943,9400.0,0.0,101325.0,0.0
409.8625,3,6,3,0.0,8904.191010406434,9400.0,0.0,101325.0,0.0
409.96250000000003,3,6,3,0.0,8855.827296943948,9400.0,0.0,101325.0,0.0
410.0625,3,6,3,0.0,8904.731888533346,9400.0,0.0,101325.0,0.0
410.1625,3,6,3,0.0,9080.345341151646,9400.0,0.0,101325.0,0.0
410.2625,3,6,3,0.0,9162.188128415917,9400.0,0.0,101325.0,0.0
410.3625,3,6,3,0.0,9213.63100043927,9400.0,0.0,101325.0,0.0
410.46250000000003,3,6,3,0.0,9233.8224238775,9400.0,0.0,101325.0,0.0
410.5625,3,6,3,0.0,9267.035721358305,9400.0,0.0,101325.0,0.0
410.6625,3,6,3,0.0,9281.054839447377,9400.0,0.0,101325.0,0.0
410.7625,3,6,3,0.0,9290.502721384095,9400.0,0.0,101325.0,0.0
410.8625,3,6,3,0.0,9244.599187419135,9400.0,0.0,101325.0,0.0
410.96250000000003,3,6,3,0.0,9295.986106532808,9400.0,0.0,101325.0,0.0
411.0825,3,6,3,0.0,9239.252770330579,9400.0,0.0,101325.0,0.0
411.1625,3,6,3,0.0,9320.540108397707,9400.0,0.0,101325.0,0.0
411.2625,3,6,3,0.0,9233.915678726968,9400.0,0.0,101325.0,0.0
411.3825,3,6,3,0.0,9204.87786713109,9400.0,0.0,101325.0,0.0
411.46250000000003,4,6,3,0.0,7922.339259656485,9400.0,0.0,101325.0,0.0
411.5825,4,6,3,0.0,7871.745589606099,9400.0,0.0,101325.0,0.0
411.6625,4,6,3,0.0,7865.647305293707,9400.0,0.0,101325.0,0.0
411.7825,4,6,3,0.0,7863.719844123768,9400.0,0.0,101325.0,0.0
411.8625,4,6,3,0.0,7901.1931396968275,9400.0,0.0,101325.0,0.0
411.9825,4,6,3,0.0,7965.006267502099,9400.0,0.0,101325.0,0.0
412.0825,4,6,3,0.0,8004.235085616392,9400.0,0.0,101325.0,0.0
412.1825,4,6,3,0.0,8042.757498245966,9400.0,0.0,101325.0,0.0
412.2825,4,6,3,0.0,8107.753796953862,9400.0,0.0,101325.0,0.0
412.3625,4,6,3,0.0,8123.089556948858,9400.0,0.0,101325.0,0.0
412.4825,4,6,3,0.0,8178.860619673141,9400.0,0.0,101325.0,0.0
412.5825,4,6,3,0.0,8216.534413172556,9400.0,0.0,101325.0,0.0
412.6825,4,6,3,0.0,8262.183827672716,9400.0,0.0,101325.0,0.0
412.7825,4,6,3,0.0,8285.68288405301,9400.0,0.0,101325.0,0.0
412.8625,4,6,3,0.0,8326.581546815589,9400.0,0.0,101325.0,0.0
412.9825,4,6,3,0.0,8384.088898268401,9400.0,0.0,101325.0,0.0
413.0825,4,6,3,0.0,8404.385816255091,9400.0,0.0,101325.0,0.0
413.1825,4,6,3,0.0,8451.31923346386,9400.0,0.0,101325.0,0.0
413.2825,4,6,3,0.0,8484.706800944608,9400.0,0.0,101325.0,0.0
413.3825,4,6,3,0.0,8512.703072440494,9400.0,0.0,101325.0,0.0
413.4825,4,6,3,0.0,8551.152629718921,9400.0,0.0,101325.0,0.0
413.5825,4,6,3,0.0,8597.623852580016,9400.0,0.0,101325.0,0.0
413.6825,4,6,3,0.0,8675.946269276874,9400.0,0.0,101325.0,0.0
413.7825,4,6,3,0.0,8670.509511552895,9400.0,0.0,101325.0,0.0
413.8825,4,6,3,0.0,8707.877895420304,9400.0,0.0,101325.0,0.0
413.9825,4,6,3,0.0,8647.627102864708,9400.0,0.0,101325.0,0.0
414.1025,4,6,3,0.0,8312.58865665293,9400.0,0.0,101325.0,0.0
414.1825,4,6,3,0.0,8240.165774870533,9400.0,0.0,101325.0,0.0
414.2825,4,6,3,0.0,7991.944096456522,9400.0,0.0,101325.0,0.0
414.40250000000003,4,6,3,0.0,7808.036790663671,9400.0,0.0,101325.0,0.0
414.4825,4,6,3,0.0,7620.201124336984,9400.0,0.0,101325.0,0.0
414.6025,4,6,3,0.0,7423.217740120305,9400.0,0.0,101325.0,0.0
414.6825,4,6,3,0.0,7198.79703066174,9400.0,0.0,101325.0,0.0
414.8025,4,6,3,0.0,6811.988154767852,9400.0,0.0,101325.0,0.0
414.8825,4,6,3,0.0,6643.942333183874,9400.0,0.0,101325.0,0.0
415.0025,3,6,3,0.0,7573.046226860728,9400.0,0.0,101325.0,0.0
415.1025,3,6,3,0.0,7338.6804705492195,9400.0,0.0,101325.0,0.0
415.2025,3,6,3,0.0,7005.642340858528,9400.0,0.0,101325.0,0.0
415.3025,3,6,3,0.0,6748.56494880192,9400.0,0.0,101325.0,0.0
415.3825,2,6,3,0.0,8102.652173845157,9400.0,0.0,101325.0,0.0
415.5025,2,6,3,0.0,7878.947778199068,9400.0,0.0,101325.0,0.0
415.6025,2,6,3,0.0,7709.0572591240525,9400.0,0.0,101325.0,0.0
415.7025,2,6,3,0.0,7582.876453680264,9400.0,0.0,101325.0,0.0
415.8025,2,6,3,0.0,7480.121849265623,9400.0,0.0,101325.0,0.0
415.90250000000003,2,6,3,0.0,8349.963451791238,9400.0,0.0,101325.0,0.0
416.0025,2,6,3,0.0,8299.054463781089,9400.0,0.0,101325.0,0.0
416.1025,2,6,3,0.0,8306.662310969243,9400.0,0.0,101325.0,0.0
416.2025,2,6,3,0.0,8257.887110483482,9400.0,0.0,101325.0,0.0
416.3025,2,6,3,0.0,8233.227031227312,9400.0,0.0,101325.0,0.0
416.4225,2,6,3,0.0,8193.597800103116,9400.0,0.0,101325.0,0.0
416.5025,2,6,3,0.0,8246.820674065688,9400.0,0.0,101325.0,0.0
416.6025,2,6,3,0.0,8265.556739009407,9400.0,0.0,101325.0,0.0
416.7025,2,6,3,0.0,8255.69970142065,9400.0,0.0,101325.0,0.0
416.8025,2,6,3,0.0,8235.874886109392,9400.0,0.0,101325.0,0.0
416.9225,2,6,3,0.0,8180.742036261156,9400.0,0.0,101325.0,0.0
417.0025,2,6,3,0.0,8165.861476500124,9400.0,0.0,101325.0,0.0
417.1225,2,6,3,0.0,8256.518012724731,9400.0,0.0,101325.0,0.0
417.2025,2,6,3,0.0,8350.893668914681,9400.0,0.0,101325.0,0.0
417.3025,2,6,3,0.0,8467.570639512072,9400.0,0.0,101325.0,0.0
417.4225,2,6,3,0.0,8659.21110369705,9400.0,0.0,101325.0,0.0
417.5025,2,6,3,0.0,8742.547717081236,9400.0,0.0,101325.0,0.0
417.6225,2,6,3,0.0,8854.411571760464,9400.0,0.0,101325.0,0.0
417.7225,2,6,3,0.0,8936.00490230241,9400.0,0.0,101325.0,0.0
417.8025,2,6,3,0.0,9021.455486555471,9400.0,0.0,101325.0,0.0
417.9225,2,6,3,0.0,9111.61019512138,9400.0,0.0,101325.0,0.0
418.0225,2,6,3,0.0,8914.44438110543,9400.0,0.0,101325.0,0.0
418.1225,2,6,3,0.0,8843.833557616757,9400.0,0.0,101325.0,0.0
418.2225,2,6,3,0.0,8821.74148377781,9400.0,0.0,101325.0,0.0
418.3225,2,6,3,0.0,8765.84219563551,9400.0,0.0,101325.0,0.0
418.4225,2,6,3,0.0,8715.798146354175,9400.0,0.0,101325.0,0.0
418.5225,2,6,3,0.0,8689.020016329467,9400.0,0.0,101325.0,0.0
418.6225,2,6,3,0.0,8665.524457006026,9400.0,0.0,101325.0,0.0
418.7225,2,6,3,0.0,8631.38094240178,9400.0,0.0,101325.0,0.0
418.8225,2,6,3,0.0,8631.047556314932,9400.0,0.0,101325.0,0.0
418.9225,2,6,3,0.0,8579.954972819893,9400.0,0.0,101325.0,0.0
419.0225,2,6,3,0.0,8466.924266836697,9400.0,0.0,101325.0,0.0
419.1225,2,6,3,0.0,8478.114848772846,9400.0,0.0,101325.0,0.0
419.2225,2,6,3,0.0,8365.99512610039,9400.0,0.0,101325.0,0.0
419.3225,2,6,3,0.0,8238.624738483077,9400.0,0.0,101325.0,0.0
419.4225,2,6,3,0.0,7824.400102531243,9400.0,0.0,101325.0,0.0
419.5425,2,6,3,0.0,7448.242678975018,9400.0,0.0,101325.0,0.0
419.6225,2,6,3,0.0,7244.373006967943,9400.0,0.0,101325.0,0.0
419.7425,2,6,3,0.0,6808.812827143471,9400.0,0.0,101325.0,0.0
419.84250000000003,2,6,3,0.0,6565.167630467096,9400.0,0.0,101325.0,0.0
419.9225,2,6,3,0.0,6424.687942385831,9400.0,0.0,101325.0,0.0
420.0425,2,6,3,0.0,6281.752737549515,9400.0,0.0,101325.0,0.0
420.1225,2,6,3,0.0,6180.905194806492,9400.0,0.0,101325.0,0.0
420.2425,2,6,3,0.0,5482.823871087722,9400.0,0.0,101325.0,0.0
420.34250000000003,2,6,3,0.0,5774.076834103082,9400.0,0.0,101325.0,0.0
420.4425,2,6,3,0.0,5010.407043382295,9400.0,0.0,101325.0,0.0
420.5425,2,6,3,0.0,4706.043322795962,9400.0,0.0,101325.0,0.0
420.6225,2,6,3,0.0,4671.316382539732,9400.0,0.0,101325.0,0.0
420.7425,2,6,3,0.0,5051.091802833907,9400.0,0.0,101325.0,0.0
420.84250000000003,2,6,3,0.0,4715.068060853219,9400.0,0.0,101325.0,0.0
420.9425,2,6,3,0.0,4610.322173981033,9400.0,0.0,101325.0,0.0
421.0425,2,6,3,0.0,4198.334488730811,9400.0,0.0,101325.0,0.0
421.1425,2,6,3,0.0,4100.865394331168,9400.0,0.0,101325.0,0.0
421.2425,2,6,3,0.0,4305.236602575537,9400.0,0.0,101325.0,0.0
421.34250000000003,2,6,3,0.0,3833.8240130303184,9400.0,0.0,101325.0,0.0
421.4425,2,6,3,0.0,3976.930282231128,9400.0,0.0,101325.0,0.0
421.5425,2,6,3,0.0,3652.745243390391,9400.0,0.0,101325.0,0.0
421.6425,2,6,3,0.0,3618.6454419968322,9400.0,0.0,101325.0,0.0
421.7425,2,6,3,0.0,3109.3174706077943,9400.0,0.0,101325.0,0.0
421.84250000000003,2,6,3,0.0,3307.7489277838677,9400.0,0.0,101325.0,0.0
421.9425,2,6,3,0.0,3046.97164957462,9400.0,0.0,101325.0,0.0
422.0425,2,6,3,0.0,2937.60119643304,9400.0,0.0,101325.0,0.0
422.1425,2,6,3,0.0,2658.885473664427,9400.0,0.0,101325.0,0.0
422.2625,2,6,3,0.0,2655.5268419765594,9400.0,0.0,101325.0,0.0
422.34250000000003,2,6,3,0.0,2608.239056339811,9400.0,0.0,101325.0,0.0
422.46250000000003,2,6,3,0.0,2424.752125923077,9400.0,0.0,101325.0,0.0
422.5625,2,6,3,0.0,2401.8434893084764,9400.0,0.0,101325.0,0.0
422.6425,2,6,3,0.0,2498.1211072954648,9400.0,0.0,101325.0,0.0
422.7625,2,6,3,0.0,2423.775427085603,9400.0,0.0,101325.0,0.0
422.84250000000003,2,6,3,0.0,2466.4185383760405,9400.0,0.0,101325.0,0.0
422.96250000000003,2,6,3,0.0,2642.6958489539893,9400.0,0.0,101325.0,0.0
423.0625,2,6,3,0.0,2718.8081257184585,9400.0,0.0,101325.0,0.0
423.1625,2,6,3,0.0,3690.9934284782485,9400.0,0.0,101325.0,0.0
423.2625,2,6,3,0.0,5603.18149402505,9400.0,0.0,101325.0,0.0
423.3625,2,6,3,0.0,4207.8610544467665,9400.0,0.0,101325.0,0.0
423.46250000000003,2,6,3,0.0,3233.158162172748,9400.0,0.0,101325.0,0.0
423.5625,2,6,3,0.0,4777.849265464846,9400.0,0.0,101325.0,0.0
423.6625,1,6,3,0.0,6620.727704094457,9400.0,0.0,101325.0,0.0
423.7625,1,6,3,0.0,4596.687440724611,9400.0,0.0,101325.0,0.0
423.8625,1,6,3,0.0,4188.631904486484,9400.0,0.0,101325.0,0.0
423.96250000000003,1,6,3,0.0,4390.441518584533,9400.0,0.0,101325.0,0.0
424.0625,1,6,3,0.0,4037.268501208101,9400.0,0.0,101325.0,0.0
424.1625,1,6,3,0.0,4305.9811842642575,9400.0,0.0,101325.0,0.0
424.2625,1,6,3,0.0,4986.618314125842,9400.0,0.0,101325.0,0.0
424.3625,1,6,3,0.0,5128.663517992549,9400.0,0.0,101325.0,0.0
424.46250000000003,1,6,3,0.0,6261.251241736804,9400.0,0.0,101325.0,0.0
424.5625,1,6,3,0.0,6176.147448955201,9400.0,0.0,101325.0,0.0
424.6625,1,6,3,0.0,7032.532376702598,9400.0,0.0,101325.0,0.0
424.7825,1,6,3,0.0,8107.872114044124,9400.0,0.0,101325.0,0.0
424.8625,1,6,3,0.0,7053.306060107193,9400.0,0.0,101325.0,0.0
424.9825,1,6,3,0.0,8144.715939383275,9400.0,0.0,101325.0,0.0
425.0625,1,6,3,0.0,7942.01195299455,9400.0,0.0,101325.0,0.0
425.1825,1,6,3,0.0,8031.628114804781,9400.0,0.0,101325.0,0.0
425.2825,1,6,3,0.0,8130.998733869355,9400.0,0.0,101325.0,0.0
425.3825,1,6,3,0.0,8229.871605174894,9400.0,0.0,101325.0,0.0
425.4825,1,6,3,0.0,8999.485226863642,9400.0,0.0,101325.0,0.0
425.5625,1,6,3,0.0,8738.115197517463,9400.0,0.0,101325.0,0.0
425.6825,1,6,3,0.0,8874.305162523206,9400.0,0.0,101325.0,0.0
425.7625,1,6,3,0.0,8653.466022127017,9400.0,0.0,101325.0,0.0
425.8825,1,6,3,0.0,8755.13245901693,9400.0,0.0,101325.0,0.0
425.9825,1,6,3,0.0,7559.348255159511,9400.0,0.0,101325.0,0.0
426.0825,1,6,3,0.0,6695.589200190438,9400.0,0.0,101325.0,0.0
426.1825,1,6,3,0.0,6055.803814245294,9400.0,0.0,101325.0,0.0
426.2825,1,6,3,0.0,5451.448859827054,9400.0,0.0,101325.0,0.0
426.3825,1,6,3,0.0,5026.9889213033075,9400.0,0.0,101325.0,0.0
426.4825,1,6,3,0.0,4731.597191500001,9400.0,0.0,101325.0,0.0
426.5825,1,6,3,0.0,4504.3957389988645,9400.0,0.0,101325.0,0.0
426.6825,1,6,3,0.0,4232.343658067543,9400.0,0.0,101325.0,0.0
426.7825,1,6,3,0.0,4003.8809337273533,9400.0,0.0,101325.0,0.0
426.8825,1,6,3,0.0,3765.4845279689994,9400.0,0.0,101325.0,0.0
426.9825,1,6,3,0.0,3499.401340246433,9400.0,0.0,101325.0,0.0
427.0825,1,6,3,0.0,3287.714871904115,9400.0,0.0,101325.0,0.0
427.1825,1,6,3,0.0,3028.897402640717,9400.0,0.0,101325.0,0.0
427.3025,1,6,3,0.0,2726.0225540104198,9400.0,0.0,101325.0,0.0
427.3825,1,6,3,0.0,2569.422308091604,9400.0,0.0,101325.0,0.0
427.4825,1,6,3,0.0,2362.5215620554172,9400.0,0.0,101325.0,0.0
427.6025,1,6,3,0.0,2206.31954348597,9400.0,0.0,101325.0,0.0
427.6825,1,6,3,0.0,2099.5599347080865,9400.0,0.0,101325.0,0.0
427.8025,1,6,3,0.0,1981.6965875726214,9400.0,0.0,101325.0,0.0
427.8825,1,6,3,0.0,1879.7193497547166,9400.0,0.0,101325.0,0.0
428.0025,1,6,3,0.0,1848.0259606095367,9400.0,0.0,101325.0,0.0
428.1025,1,6,3,0.0,1904.240421000898,9400.0,0.0,101325.0,0.0
428.1825,1,6,3,0.0,1930.513954863565,9400.0,0.0,101325.0,0.0
428.3025,1,6,3,0.0,1955.2002620461476,9400.0,0.0,101325.0,0.0
428.40250000000003,1,6,3,0.0,1963.1410581890423,9400.0,0.0,101325.0,0.0
428.5025,1,6,3,0.0,1968.8195499681265,9400.0,0.0,101325.0,0.0
428.6025,1,6,3,0.0,1971.823376095909,9400.0,0.0,101325.0,0.0
428.7025,1,6,3,0.0,1971.99750038515,9400.0,0.0,101325.0,0.0
428.8025,1,6,3,0.0,1972.0930866058545,9400.0,0.0,101325.0,0.0
428.90250000000003,1,6,3,0.0,1972.1455424586802,9400.0,0.0,101325.0,0.0
429.0025,1,6,3,0.0,3409.188930242416,9400.0,0.0,101325.0,0.0
429.1025,1,6,3,0.0,5816.194804022452,9400.0,0.0,101325.0,0.0
429.2025,1,6,3,0.0,6118.592887234845,9400.0,0.0,101325.0,0.0
429.3025,1,6,3,0.0,5335.633913744432,9400.0,0.0,101325.0,0.0
429.40250000000003,1,6,3,0.0,5939.167059801736,9400.0,0.0,101325.0,0.0
429.5025,1,6,3,0.0,7313.440462697921,9400.0,0.0,101325.0,0.0
429.6025,1,6,3,0.0,8262.861091016977,9400.0,0.0,101325.0,0.0
429.7025,1,6,3,0.0,9348.998574241266,9400.0,0.0,101325.0,0.0
429.8225,1,6,3,0.0,9085.569944093086,9400.0,0.0,101325.0,0.0
429.90250000000003,1,6,3,0.0,9162.375220957663,9400.0,0.0,101325.0,0.0
430.0225,1,6,3,0.0,9135.947962304077,9400.0,0.0,101325.0,0.0
430.1025,1,6,3,0.0,8848.417033468106,9400.0,0.0,101325.0,0.0
430.2025,1,6,3,0.0,9374.672799985401,9400.0,0.0,101325.0,0.0
430.3225,1,6,3,0.0,8890.178886431071,9400.0,0.0,101325.0,0.0
430.4225,1,6,3,0.0,9391.800801618609,9400.0,0.0,101325.0,0.0
430.5225,1,6,3,0.0,8956.530877513105,9400.0,0.0,101325.0,0.0
430.6025,1,6,3,0.0,9282.367984296447,9400.0,0.0,101325.0,0.0
430.7225,1,6,3,0.0,9333.411026152706,9400.0,0.0,101325.0,0.0
430.8225,1,6,3,0.0,9330.081828026701,9400.0,0.0,101325.0,0.0
430.9225,1,6,3,0.0,9195.428236665944,9400.0,0.0,101325.0,0.0
431.0225,1,6,3,0.0,9063.83573573897,9400.0,0.0,101325.0,0.0
431.1225,1,6,3,0.0,8931.878958056264,9400.0,0.0,101325.0,0.0
431.2225,1,6,3,0.0,8805.80656137498,9400.0,0.0,101325.0,0.0
431.3225,1,6,3,0.0,8682.560952318196,9400.0,0.0,101325.0,0.0
431.4225,1,6,3,0.0,8571.76777987942,9400.0,0.0,101325.0,0.0
431.5225,1,6,3,0.0,8667.472900517098,9400.0,0.0,101325.0,0.0
431.6225,1,6,3,0.0,8843.709412098404,9400.0,0.0,101325.0,0.0
431.7225,1,6,3,0.0,8757.50521209308,9400.0,0.0,101325.0,0.0
431.8225,1,6,3,0.0,9261.746422865046,9400.0,0.0,101325.0,0.0
431.9425,1,6,3,0.0,8647.521608316247,9400.0,0.0,101325.0,0.0
432.0225,1,6,3,0.0,8351.139628580153,9400.0,0.0,101325.0,0.0
432.1425,1,6,3,0.0,7045.659162450825,9400.0,0.0,101325.0,0.0
432.2225,1,6,3,0.0,6052.555048426956,9400.0,0.0,101325.0,0.0
432.34250000000003,1,6,3,0.0,4408.862556989895,9400.0,0.0,101325.0,0.0
432.4225,1,6,3,0.0,3427.848642778135,9400.0,0.0,101325.0,0.0
432.5225,1,6,3,0.0,2391.5595193619984,9400.0,0.0,101325.0,0.0
432.6425,1,6,3,0.0,2392.085680707981,9400.0,0.0,101325.0,0.0
432.7225,1,6,3,0.0,3237.9602040775358,9400.0,0.0,101325.0,0.0
432.84250000000003,1,6,3,0.0,4281.218233252269,9400.0,0.0,101325.0,0.0
432.9225,1,6,3,0.0,4949.382818418924,9400.0,0.0,101325.0,0.0
433.0425,1,6,3,0.0,4736.482579926501,9400.0,0.0,101325.0,0.0
433.1225,1,6,3,0.0,4611.71516829496,9400.0,0.0,101325.0,0.0
433.2425,1,6,3,0.0,4523.110238758646,9400.0,0.0,101325.0,0.0
433.34250000000003,1,6,3,0.0,4672.366665281865,9400.0,0.0,101325.0,0.0
433.4425,1,6,3,0.0,4347.856982996417,9400.0,0.0,101325.0,0.0
433.5425,1,6,3,0.0,3959.5708920026773,9400.0,0.0,101325.0,0.0
433.6425,1,6,3,0.0,4218.985483724075,9400.0,0.0,101325.0,0.0
433.7425,1,6,3,0.0,4446.485934586317,9400.0,0.0,101325.0,0.0
433.84250000000003,1,6,3,0.0,4531.311711347944,9400.0,0.0,101325.0,0.0
433.9425,1,6,3,0.0,3213.011034788016,9400.0,0.0,101325.0,0.0
434.0425,1,6,3,0.0,2512.707331437864,9400.0,0.0,101325.0,0.0
434.1425,1,6,3,0.0,1981.1115591029127,9400.0,0.0,101325.0,0.0
434.2425,1,6,3,0.0,1834.5383951624315,9400.0,0.0,101325.0,0.0
434.34250000000003,1,6,3,0.0,1896.8792620317276,9400.0,0.0,101325.0,0.0
434.4425,1,6,3,0.0,1930.932873132659,9400.0,0.0,101325.0,0.0
434.5425,1,6,3,0.0,1949.5721861700572,9400.0,0.0,101325.0,0.0
434.6425,1,6,3,0.0,1959.7879635078618,9400.0,0.0,101325.0,0.0
434.7425,1,6,3,0.0,1965.391559985967,9400.0,0.0,101325.0,0.0
434.8625,1,6,3,0.0,1969.930011230306,9400.0,0.0,101325.0,0.0
434.9425,1,6,3,0.0,1970.7984470159759,9400.0,0.0,101325.0,0.0
435.0425,1,6,3,0.0,1971.434765652892,9400.0,0.0,101325.0,0.0
435.1425,1,6,3,0.0,1971.7841799169921,9400.0,0.0,101325.0,0.0
435.2425,1,6,3,0.0,1975.8598539708464,9400.0,0.0,101325.0,0.0
435.3625,1,6,3,0.0,1974.2255627339214,9400.0,0.0,101325.0,0.0
435.4425,1,6,3,0.0,2015.1316567423166,9400.0,0.0,101325.0,0.0
435.5625,1,6,3,0.0,6814.873809516075,9400.0,0.0,101325.0,0.0
435.6425,1,6,3,0.0,9369.118890856776,9400.0,0.0,101325.0,0.0
435.7625,1,6,3,0.0,6977.661223275682,9400.0,0.0,101325.0,0.0
435.8625,1,6,3,0.0,5820.585941746773,9400.0,0.0,101325.0,0.0
435.96250000000003,1,6,3,0.0,6841.078422216558,9400.0,0.0,101325.0,0.0
436.0625,1,6,3,0.0,7405.617052968856,9400.0,0.0,101325.0,0.0
436.1625,1,6,3,0.0,7785.43880926636,9400.0,0.0,101325.0,0.0
436.2625,1,6,3,0.0,7727.6202197534485,9400.0,0.0,101325.0,0.0
436.34250000000003,1,6,3,0.0,6951.626800675479,9400.0,0.0,101325.0,0.0
436.46250000000003,1,6,3,0.0,5690.884182892762,9400.0,0.0,101325.0,0.0
436.5625,1,6,3,0.0,5426.697274249844,9400.0,0.0,101325.0,0.0
436.6625,1,6,3,0.0,5374.615023664826,9400.0,0.0,101325.0,0.0
436.7625,1,6,3,0.0,5087.352202521075,9400.0,0.0,101325.0,0.0
436.8625,1,6,3,0.0,4678.326524427077,9400.0,0.0,101325.0,0.0
436.96250000000003,1,6,3,0.0,4170.670146214751,9400.0,0.0,101325.0,0.0
437.0625,1,6,3,0.0,3872.7007940878707,9400.0,0.0,101325.0,0.0
437.1625,1,6,3,0.0,4031.45872408625,9400.0,0.0,101325.0,0.0
437.2625,1,6,3,0.0,4622.775776284663,9400.0,0.0,101325.0,0.0
437.3625,1,6,3,0.0,4915.0889303699105,9400.0,0.0,101325.0,0.0
437.4825,1,6,3,0.0,4484.855642399888,9400.0,0.0,101325.0,0.0
437.5625,1,6,3,0.0,3676.5377611251047,9400.0,0.0,101325.0,0.0
437.6625,1,6,3,0.0,2334.2737938873743,9400.0,0.0,101325.0,0.0
437.7625,1,6,3,0.0,2341.080086502211,9400.0,0.0,101325.0,0.0
437.8625,1,6,3,0.0,2309.7585510692843,9400.0,0.0,101325.0,0.0
437.96250000000003,1,6,3,0.0,2305.101782734683,9400.0,0.0,101325.0,0.0
438.0625,1,6,3,0.0,2272.994866616394,9400.0,0.0,101325.0,0.0
438.1825,1,6,3,0.0,2368.3801522625363,9400.0,0.0,101325.0,0.0
438.2625,1,6,3,0.0,2454.2700542830135,9400.0,0.0,101325.0,0.0
438.3825,1,6,3,0.0,2884.0149199789485,9400.0,0.0,101325.0,0.0
438.46250000000003,1,6,3,0.0,2707.9121708223474,9400.0,0.0,101325.0,0.0
438.5825,1,6,3,0.0,2945.267036480707,9400.0,0.0,101325.0,0.0
438.6825,1,6,3,0.0,3646.873684930768,9400.0,0.0,101325.0,0.0
438.7625,1,6,3,0.0,4079.1848075154976,9400.0,0.0,101325.0,0.0
438.8825,1,6,3,0.0,4252.945402843431,9400.0,0.0,101325.0,0.0
438.96250000000003,1,6,3,0.0,5626.545913716424,9400.0,0.0,101325.0,0.0
439.0825,1,6,3,0.0,6245.255703681822,9400.0,0.0,101325.0,0.0
439.1825,1,6,3,0.0,7002.290994705774,9400.0,0.0,101325.0,0.0
439.2825,1,6,3,0.0,6936.448408238958,9400.0,0.0,101325.0,0.0
439.3825,1,6,3,0.0,7598.3083827387745,9400.0,0.0,101325.0,0.0
439.4825,1,6,3,0.0,7634.685350987777,9400.0,0.0,101325.0,0.0
439.5825,1,6,3,0.0,7873.350155859756,9400.0,0.0,101325.0,0.0
439.6825,1,6,3,0.0,8132.450595307009,9400.0,0.0,101325.0,0.0
439.7825,1,6,3,0.0,6906.098034636819,9400.0,0.0,101325.0,0.0
439.8825,1,6,3,0.0,6577.870689493053,9400.0,0.0,101325.0,0.0
439.9825,1,6,3,0.0,6107.854008475806,9400.0,0.0,101325.0,0.0
440.0825,1,6,3,0.0,6008.167488608659,9400.0,0.0,101325.0,0.0
440.1825,1,6,3,0.0,5654.122538389703,9400.0,0.0,101325.0,0.0
440.2825,1,6,3,0.0,6661.608298729951,9400.0,0.0,101325.0,0.0
440.3825,1,6,3,0.0,6716.3908600498735,9400.0,0.0,101325.0,0.0
440.4825,1,6,3,0.0,6988.264882502992,9400.0,0.0,101325.0,0.0
440.5825,1,6,3,0.0,6262.5259189604685,9400.0,0.0,101325.0,0.0
440.7025,1,6,3,0.0,5827.4524128816565,9400.0,0.0,101325.0,0.0
440.7825,1,6,3,0.0,5960.327167988814,9400.0,0.0,101325.0,0.0
440.90250000000003,1,6,3,0.0,6246.63354408271,9400.0,0.0,101325.0,0.0
440.9825,1,6,3,0.0,6448.100155187559,9400.0,0.0,101325.0,0.0
441.1025,1,6,3,0.0,6716.654887842429,9400.0,0.0,101325.0,0.0
441.1825,1,6,3,0.0,6898.263461595896,9400.0,0.0,101325.0,0.0
441.3025,1,6,3,0.0,7161.835471075135,9400.0,0.0,101325.0,0.0
441.40250000000003,1,6,3,0.0,7399.856234642976,9400.0,0.0,101325.0,0.0
441.5025,1,6,3,0.0,7626.739454970303,9400.0,0.0,101325.0,0.0
441.6025,1,6,3,0.0,7854.678203625045,9400.0,0.0,101325.0,0.0
441.7025,1,6,3,0.0,7756.978594894374,9400.0,0.0,101325.0,0.0
441.8025,1,6,3,0.0,7649.037855163698,9400.0,0.0,101325.0,0.0
441.90250000000003,1,6,3,0.0,7600.089550363612,9400.0,0.0,101325.0,0.0
442.0025,1,6,3,0.0,7544.836052053876,9400.0,0.0,101325.0,0.0
442.1025,1,6,3,0.0,7491.219759195113,9400.0,0.0,101325.0,0.0
442.2025,1,6,3,0.0,7445.9958199456505,9400.0,0.0,101325.0,0.0
442.3025,1,6,3,0.0,7386.848348827821,9400.0,0.0,101325.0,0.0
442.40250000000003,1,6,3,0.0,7333.474518577674,9400.0,0.0,101325.0,0.0
442.5025,1,6,3,0.0,7275.443191439413,9400.0,0.0,101325.0,0.0
442.6025,1,6,3,0.0,7225.590314599488,9400.0,0.0,101325.0,0.0
442.7025,1,6,3,0.0,7172.141297626957,9400.0,0.0,101325.0,0.0
442.8225,1,6,3,0.0,7099.846058419771,9400.0,0.0,101325.0,0.0
442.90250000000003,1,6,3,0.0,7057.3189328483595,9400.0,0.0,101325.0,0.0
443.0025,1,6,3,0.0,7006.284633634237,9400.0,0.0,101325.0,0.0
443.1225,1,6,3,0.0,6937.436909643318,9400.0,0.0,101325.0,0.0
443.2025,1,6,3,0.0,6892.423959490778,9400.0,0.0,101325.0,0.0
443.3225,1,6,3,0.0,6825.810854830233,9400.0,0.0,101325.0,0.0
443.40250000000003,1,6,3,0.0,6774.307949997536,9400.0,0.0,101325.0,0.0
443.5025,1,6,3,0.0,6707.902337377057,9400.0,0.0,101325.0,0.0
443.6225,1,6,3,0.0,6647.539056159289,9400.0,0.0,101325.0,0.0
443.7025,1,6,3,0.0,6593.302618551564,9400.0,0.0,101325.0,0.0
443.8225,1,6,3,0.0,6528.854192084293,9400.0,0.0,101325.0,0.0
443.9225,1,6,3,0.0,6461.163411069585,9400.0,0.0,101325.0,0.0
444.0225,1,6,3,0.0,6392.373971359583,9400.0,0.0,101325.0,0.0
444.1225,1,6,3,0.0,6304.511000719348,9400.0,0.0,101325.0,0.0
444.2025,1,6,3,0.0,6260.012117924499,9400.0,0.0,101325.0,0.0
444.3225,1,6,3,0.0,6257.659764346671,9400.0,0.0,101325.0,0.0
444.4225,1,6,3,0.0,6314.6816077394415,9400.0,0.0,101325.0,0.0
444.5225,1,6,3,0.0,6357.901150568153,9400.0,0.0,101325.0,0.0
444.6225,1,6,3,0.0,6413.447235968093,9400.0,0.0,101325.0,0.0
444.7225,1,6,3,0.0,6492.684133032547,9400.0,0.0,101325.0,0.0
444.8225,1,6,3,0.0,6555.918497928307,9400.0,0.0,101325.0,0.0
444.9225,1,6,3,0.0,6601.689143732775,9400.0,0.0,101325.0,0.0
445.0225,1,6,3,0.0,6656.156387092933,9400.0,0.0,101325.0,0.0
445.1225,1,6,3,0.0,6752.879151275429,9400.0,0.0,101325.0,0.0
445.2225,1,6,3,0.0,6869.068865284349,9400.0,0.0,101325.0,0.0
445.3225,1,6,3,0.0,6941.364687334345,9400.0,0.0,101325.0,0.0
445.4225,1,6,3,0.0,6957.204023516469,9400.0,0.0,101325.0,0.0
445.5225,1,6,3,0.0,7046.2210229188695,9400.0,0.0,101325.0,0.0
445.6425,1,6,3,0.0,7097.748407149552,9400.0,0.0,101325.0,0.0
445.7225,1,6,3,0.0,7165.931107495204,9400.0,0.0,101325.0,0.0
445.84250000000003,1,6,3,0.0,7272.608244015589,9400.0,0.0,101325.0,0.0
445.9225,1,6,3,0.0,7324.792492092211,9400.0,0.0,101325.0,0.0
446.0425,1,6,3,0.0,7402.32457393983,9400.0,0.0,101325.0,0.0
446.1225,1,6,3,0.0,7455.538705260264,9400.0,0.0,101325.0,0.0
446.2425,1,6,3,0.0,7573.078283215233,9400.0,0.0,101325.0,0.0
446.3225,1,6,3,0.0,7597.1753363177395,9400.0,0.0,101325.0,0.0
446.4425,1,6,3,0.0,7626.3104826627505,9400.0,0.0,101325.0,0.0
446.5225,1,6,3,0.0,7746.999160315689,9400.0,0.0,101325.0,0.0
446.6425,1,6,3,0.0,7924.613512297884,9400.0,0.0,101325.0,0.0
446.7425,1,6,3,0.0,8147.115503228647,9400.0,0.0,101325.0,0.0
446.8225,1,6,3,0.0,8317.949061968906,9400.0,0.0,101325.0,0.0
446.9425,1,6,3,0.0,8463.452855065254,9400.0,0.0,101325.0,0.0
447.0425,1,6,3,0.0,8608.515436155058,9400.0,0.0,101325.0,0.0
447.1425,1,6,3,0.0,8776.917374695442,9400.0,0.0,101325.0,0.0
447.2425,1,6,3,0.0,8919.544838528514,9400.0,0.0,101325.0,0.0
447.34250000000003,1,6,3,0.0,9071.888874833334,9400.0,0.0,101325.0,0.0
447.4425,1,6,3,0.0,9210.424782146003,9400.0,0.0,101325.0,0.0
447.5425,1,6,3,0.0,9375.910758112086,9400.0,0.0,101325.0,0.0
447.6425,1,6,3,0.0,9372.925437243495,9400.0,0.0,101325.0,0.0
447.7425,2,6,3,0.0,7397.823278924576,9400.0,0.0,101325.0,0.0
447.84250000000003,2,6,3,0.0,7498.032608791552,9400.0,0.0,101325.0,0.0
447.9425,2,6,3,0.0,7595.830135114165,9400.0,0.0,101325.0,0.0
448.0425,2,6,3,0.0,7723.772874370088,9400.0,0.0,101325.0,0.0
448.1625,2,6,3,0.0,7857.649536266216,9400.0,0.0,101325.0,0.0
448.2425,2,6,3,0.0,7948.438960651316,9400.0,0.0,101325.0,0.0
448.34250000000003,2,6,3,0.0,8080.083334588306,9400.0,0.0,101325.0,0.0
448.4425,2,6,3,0.0,8187.385278600125,9400.0,0.0,101325.0,0.0
448.5425,2,6,3,0.0,8310.424561302465,9400.0,0.0,101325.0,0.0
448.6625,2,6,3,0.0,8422.041873473412,9400.0,0.0,101325.0,0.0
448.7425,2,6,3,0.0,8520.503840598483,9400.0,0.0,101325.0,0.0
448.84250000000003,2,6,3,0.0,8631.93114601364,9400.0,0.0,101325.0,0.0
448.96250000000003,2,6,3,0.0,8741.121500727186,9400.0,0.0,101325.0,0.0
449.0425,2,6,3,0.0,8819.795371637976,9400.0,0.0,101325.0,0.0
449.1625,2,6,3,0.0,8957.343943231903,9400.0,0.0,101325.0,0.0
449.2425,2,6,3,0.0,9009.075322445797,9400.0,0.0,101325.0,0.0
449.3625,2,6,3,0.0,9102.953813719521,9400.0,0.0,101325.0,0.0
449.46250000000003,0,6,3,0.0,8990.13992526134,9400.0,0.0,101325.0,0.0
449.5425,3,6,3,0.0,7488.113789865022,9400.0,0.0,101325.0,0.0
449.6625,3,6,3,0.0,7600.7773048784375,9400.0,0.0,101325.0,0.0
449.7625,3,6,3,0.0,7652.379875831504,9400.0,0.0,101325.0,0.0
449.8625,3,6,3,0.0,7724.879692864711,9400.0,0.0,101325.0,0.0
449.96250000000003,3,6,3,0.0,7801.961237220837,9400.0,0.0,101325.0,0.0
450.0625,3,6,3,0.0,7868.830792717418,9400.0,0.0,101325.0,0.0
450.1625,3,6,3,0.0,7940.050686941678,9400.0,0.0,101325.0,0.0
450.2625,3,6,3,0.0,8019.368016313797,9400.0,0.0,101325.0,0.0
450.3625,3,6,3,0.0,8085.60810157647,9400.0,0.0,101325.0,0.0
450.46250000000003,3,6,3,0.0,8156.500438141973,9400.0,0.0,101325.0,0.0
450.5625,3,6,3,0.0,8223.898049223666,9400.0,0.0,101325.0,0.0
450.6625,3,6,3,0.0,8293.558256090575,9400.0,0.0,101325.0,0.0
450.7625,3,6,3,0.0,8361.05436760702,9400.0,0.0,101325.0,0.0
450.8625,3,6,3,0.0,8438.501937247307,9400.0,0.0,101325.0,0.0
450.96250000000003,3,6,3,0.0,8488.409018468485,9400.0,0.0,101325.0,0.0
451.0625,3,6,3,0.0,8561.101756471528,9400.0,0.0,101325.0,0.0
451.1625,3,6,3,0.0,8607.62485234264,9400.0,0.0,101325.0,0.0
451.2625,3,6,3,0.0,8665.860174464111,9400.0,0.0,101325.0,0.0
451.3825,3,6,3,0.0,8736.286236782275,9400.0,0.0,101325.0,0.0
451.46250000000003,3,6,3,0.0,8782.274282954564,9400.0,0.0,101325.0,0.0
451.5825,3,6,3,0.0,8845.680003636222,9400.0,0.0,101325.0,0.0
451.6625,3,6,3,0.0,8891.883118805097,9400.0,0.0,101325.0,0.0
451.7825,3,6,3,0.0,8952.987776076134,9400.0,0.0,101325.0,0.0
451.8825,3,6,3,0.0,9003.426409939279,9400.0,0.0,101325.0,0.0
451.9825,3,6,3,0.0,9024.168619832179,9400.0,0.0,101325.0,0.0
452.0825,3,6,3,0.0,9096.377598303607,9400.0,0.0,101325.0,0.0
452.1825,3,6,3,0.0,9142.739246716577,9400.0,0.0,101325.0,0.0
452.2825,3,6,3,0.0,9194.537070010716,9400.0,0.0,101325.0,0.0
452.3825,3,6,3,0.0,9212.280553650413,9400.0,0.0,101325.0,0.0
452.4825,0,6,3,0.0,8770.752646302804,9400.0,0.0,101325.0,0.0
452.5825,4,6,3,0.0,7763.59619214974,9400.0,0.0,101325.0,0.0
452.6825,4,6,3,0.0,7803.200361033141,9400.0,0.0,101325.0,0.0
452.7825,4,6,3,0.0,7833.391618548377,9400.0,0.0,101325.0,0.0
452.8825,4,6,3,0.0,7886.577190571161,9400.0,0.0,101325.0,0.0
452.9825,4,6,3,0.0,7901.173323041316,9400.0,0.0,101325.0,0.0
453.0825,4,6,3,0.0,7979.7702587012955,9400.0,0.0,101325.0,0.0
453.1825,4,6,3,0.0,7991.0459356875845,9400.0,0.0,101325.0,0.0
453.2825,4,6,3,0.0,8037.3790248029045,9400.0,0.0,101325.0,0.0
453.3825,4,6,3,0.0,8072.093725360142,9400.0,0.0,101325.0,0.0
453.5025,4,6,3,0.0,8121.822456681713,9400.0,0.0,101325.0,0.0
453.5825,4,6,3,0.0,8148.453710318511,9400.0,0.0,101325.0,0.0
453.7025,4,6,3,0.0,8196.224672644064,9400.0,0.0,101325.0,0.0
453.7825,4,6,3,0.0,8195.932668396668,9400.0,0.0,101325.0,0.0
453.8825,4,6,3,0.0,8248.62632108851,9400.0,0.0,101325.0,0.0
453.9825,4,6,3,0.0,8237.532491058684,9400.0,0.0,101325.0,0.0
454.0825,4,6,3,0.0,8304.611287123758,9400.0,0.0,101325.0,0.0
454.2025,4,6,3,0.0,8348.349560052635,9400.0,0.0,101325.0,0.0
454.2825,4,6,3,0.0,8364.678484194465,9400.0,0.0,101325.0,0.0
454.40250000000003,4,6,3,0.0,8387.409353752268,9400.0,0.0,101325.0,0.0
454.4825,4,6,3,0.0,8437.09437186315,9400.0,0.0,101325.0,0.0
454.6025,4,6,3,0.0,8455.656749649737,9400.0,0.0,101325.0,0.0
454.7025,4,6,3,0.0,8486.526436194852,9400.0,0.0,101325.0,0.0
454.7825,4,6,3,0.0,8503.677751540426,9400.0,0.0,101325.0,0.0
454.90250000000003,4,6,3,0.0,8543.902065172791,9400.0,0.0,101325.0,0.0
455.0025,4,6,3,0.0,8581.547882217366,9400.0,0.0,101325.0,0.0
455.0825,4,6,3,0.0,8621.685352271163,9400.0,0.0,101325.0,0.0
455.2025,4,6,3,0.0,8683.216067635707,9400.0,0.0,101325.0,0.0
455.3025,4,6,3,0.0,8681.778777268282,9400.0,0.0,101325.0,0.0
455.40250000000003,4,6,3,0.0,8599.795524887,9400.0,0.0,101325.0,0.0
455.5025,4,6,3,0.0,8560.007177675898,9400.0,0.0,101325.0,0.0
455.6025,4,6,3,0.0,8546.030024269086,9400.0,0.0,101325.0,0.0
455.7025,4,6,3,0.0,8528.593115947015,9400.0,0.0,101325.0,0.0
455.8025,4,6,3,0.0,8514.173002005231,9400.0,0.0,101325.0,0.0
455.90250000000003,4,6,3,0.0,8610.133990636135,9400.0,0.0,101325.0,0.0
456.0025,4,6,3,0.0,8652.84995727772,9400.0,0.0,101325.0,0.0
456.1025,4,6,3,0.0,8686.685148035913,9400.0,0.0,101325.0,0.0
456.2025,0,6,3,0.0,8477.84382686658,9400.0,0.0,101325.0,0.0
456.3025,5,6,3,0.0,7499.185471868099,9400.0,0.0,101325.0,0.0
456.40250000000003,5,6,3,0.0,7420.977292361838,9400.0,0.0,101325.0,0.0
456.5025,5,6,3,0.0,7357.668906429313,9400.0,0.0,101325.0,0.0
456.6025,5,6,3,0.0,7271.387188330368,9400.0,0.0,101325.0,0.0
456.7225,5,6,3,0.0,7149.798601380065,9400.0,0.0,101325.0,0.0
456.8025,5,6,3,0.0,6983.437195514601,9400.0,0.0,101325.0,0.0
456.9225,5,6,3,0.0,6771.812217088651,9400.0,0.0,101325.0,0.0
457.0025,5,6,3,0.0,6619.458272456075,9400.0,0.0,101325.0,0.0
457.1225,5,6,3,0.0,6304.392683629086,9400.0,0.0,101325.0,0.0
457.2225,5,6,3,0.0,6095.251198413028,9400.0,0.0,101325.0,0.0
457.3025,5,6,3,0.0,5853.925716117168,9400.0,0.0,101325.0,0.0
457.4225,4,6,3,0.0,6462.413026052454,9400.0,0.0,101325.0,0.0
457.5025,4,6,3,0.0,6309.207548075676,9400.0,0.0,101325.0,0.0
457.6225,4,6,3,0.0,5986.752678113973,9400.0,0.0,101325.0,0.0
457.7025,4,6,3,0.0,5845.4733296985205,9400.0,0.0,101325.0,0.0
457.8225,3,6,3,0.0,6702.441100255092,9400.0,0.0,101325.0,0.0
457.9225,3,6,3,0.0,6515.95121797479,9400.0,0.0,101325.0,0.0
458.0225,3,6,3,0.0,6331.66856141283,9400.0,0.0,101325.0,0.0
458.1225,3,6,3,0.0,6172.332742769155,9400.0,0.0,101325.0,0.0
458.2225,3,6,3,0.0,6019.696702216938,9400.0,0.0,101325.0,0.0
458.3225,3,6,3,0.0,5875.297979086785,9400.0,0.0,101325.0,0.0
458.4225,0,6,3,0.0,7069.564460269114,9400.0,0.0,101325.0,0.0
458.5225,2,6,3,0.0,7008.264550657003,9400.0,0.0,101325.0,0.0
458.6225,2,6,3,0.0,6913.032115537567,9400.0,0.0,101325.0,0.0
458.7225,2,6,3,0.0,6804.917105806949,9400.0,0.0,101325.0,0.0
458.8225,2,6,3,0.0,6712.846010084474,9400.0,0.0,101325.0,0.0
458.9225,2,6,3,0.0,6638.70024495816,9400.0,0.0,101325.0,0.0
459.0225,2,6,3,0.0,6591.624614103951,9400.0,0.0,101325.0,0.0
459.1225,2,6,3,0.0,6564.626752340182,9400.0,0.0,101325.0,0.0
459.2225,2,6,3,0.0,6533.383463554387,9400.0,0.0,101325.0,0.0
459.34250000000003,2,6,3,0.0,6485.2762009279395,9400.0,0.0,101325.0,0.0
459.4225,2,6,3,0.0,6454.280620336044,9400.0,0.0,101325.0,0.0
459.5225,2,6,3,0.0,6443.591283215786,9400.0,0.0,101325.0,0.0
459.6425,2,6,3,0.0,6411.805367774649,9400.0,0.0,101325.0,0.0
459.7225,2,6,3,0.0,6422.879381148963,9400.0,0.0,101325.0,0.0
459.84250000000003,2,6,3,0.0,6530.037945829727,9400.0,0.0,101325.0,0.0
459.9225,2,6,3,0.0,6584.9073507282155,9400.0,0.0,101325.0,0.0
460.0425,2,6,3,0.0,6703.986216542214,9400.0,0.0,101325.0,0.0
460.1425,2,6,3,0.0,6798.162540491426,9400.0,0.0,101325.0,0.0
460.2425,2,6,3,0.0,6876.666221301938,9400.0,0.0,101325.0,0.0
460.34250000000003,2,6,3,0.0,6934.919611550494,9400.0,0.0,101325.0,0.0
460.4425,2,6,3,0.0,7034.377074193636,9400.0,0.0,101325.0,0.0
460.5425,2,6,3,0.0,7136.406622153664,9400.0,0.0,101325.0,0.0
460.6425,2,6,3,0.0,7296.004720061468,9400.0,0.0,101325.0,0.0
460.7425,2,6,3,0.0,7358.307702148168,9400.0,0.0,101325.0,0.0
460.84250000000003,2,6,3,0.0,7487.663835216339,9400.0,0.0,101325.0,0.0
460.9425,2,6,3,0.0,7625.550455639587,9400.0,0.0,101325.0,0.0
461.0425,2,6,3,0.0,7768.077670509481,9400.0,0.0,101325.0,0.0
461.1425,2,6,3,0.0,7904.032167020317,9400.0,0.0,101325.0,0.0
461.2425,2,6,3,0.0,8047.25937610403,9400.0,0.0,101325.0,0.0
461.34250000000003,2,6,3,0.0,8190.418975421879,9400.0,0.0,101325.0,0.0
461.4425,2,6,3,0.0,8309.010584647407,9400.0,0.0,101325.0,0.0
461.5625,2,6,3,0.0,8453.331206841132,9400.0,0.0,101325.0,0.0
461.6425,2,6,3,0.0,8561.189182892904,9400.0,0.0,101325.0,0.0
461.7625,2,6,3,0.0,8708.023606122599,9400.0,0.0,101325.0,0.0
461.84250000000003,2,6,3,0.0,8766.232700317656,9400.0,0.0,101325.0,0.0
461.96250000000003,2,6,3,0.0,8939.784637919905,9400.0,0.0,101325.0,0.0
462.0425,2,6,3,0.0,9006.37617739651,9400.0,0.0,101325.0,0.0
462.1625,2,6,3,0.0,9112.952482110908,9400.0,0.0,101325.0,0.0
462.2625,2,6,3,0.0,9212.511942245656,9400.0,0.0,101325.0,0.0
462.34250000000003,0,6,3,0.0,8745.780163300917,9400.0,0.0,101325.0,0.0
462.46250000000003,3,6,3,0.0,7627.169010120664,9400.0,0.0,101325.0,0.0
462.5625,3,6,3,0.0,7673.539401175773,9400.0,0.0,101325.0,0.0
462.6625,3,6,3,0.0,7797.772928794109,9400.0,0.0,101325.0,0.0
462.7625,3,6,3,0.0,7845.402260317034,9400.0,0.0,101325.0,0.0
462.8625,3,6,3,0.0,7966.582857300916,9400.0,0.0,101325.0,0.0
462.96250000000003,3,6,3,0.0,8024.382213001124,9400.0,0.0,101325.0,0.0
463.0625,3,6,3,0.0,8112.593140798436,9400.0,0.0,101325.0,0.0
463.1625,3,6,3,0.0,8206.858056854644,9400.0,0.0,101325.0,0.0
463.2625,3,6,3,0.0,8320.538049727258,9400.0,0.0,101325.0,0.0
463.3625,3,6,3,0.0,8418.171797220493,9400.0,0.0,101325.0,0.0
463.46250000000003,3,6,3,0.0,8471.02398315643,9400.0,0.0,101325.0,0.0
463.5625,3,6,3,0.0,8555.410879282748,9400.0,0.0,101325.0,0.0
463.6625,3,6,3,0.0,8619.040994445939,9400.0,0.0,101325.0,0.0
463.7625,3,6,3,0.0,8674.68499743782,9400.0,0.0,101325.0,0.0
463.8825,3,6,3,0.0,8772.333316001284,9400.0,0.0,101325.0,0.0
463.96250000000003,3,6,3,0.0,8819.284218494331,9400.0,0.0,101325.0,0.0
464.0625,3,6,3,0.0,8890.623012651662,9400.0,0.0,101325.0,0.0
464.1625,3,6,3,0.0,8949.987884137314,9400.0,0.0,101325.0,0.0
464.2625,3,6,3,0.0,9010.439757462074,9400.0,0.0,101325.0,0.0
464.3825,3,6,3,0.0,9097.417389875174,9400.0,0.0,101325.0,0.0
464.46250000000003,3,6,3,0.0,9147.8548580527,9400.0,0.0,101325.0,0.0
464.5825,3,6,3,0.0,9234.392444144873,9400.0,0.0,101325.0,0.0
464.6825,3,6,3,0.0,9261.12977517294,9400.0,0.0,101325.0,0.0
464.7625,3,6,3,0.0,9325.45988454995,9400.0,0.0,101325.0,0.0
464.8825,3,6,3,0.0,9386.82973529916,9400.0,0.0,101325.0,0.0
464.9825,3,6,3,0.0,9184.327995365218,9400.0,0.0,101325.0,0.0
465.0625,3,6,3,0.0,9126.80315862813,9400.0,0.0,101325.0,0.0
465.1825,3,6,3,0.0,9344.024010864963,9400.0,0.0,101325.0,0.0
465.2625,3,6,3,0.0,9237.77584665213,9400.0,0.0,101325.0,0.0
465.3825,3,6,3,0.0,9296.268785295257,9400.0,0.0,101325.0,0.0
465.4825,3,6,3,0.0,9334.433915282807,9400.0,0.0,101325.0,0.0
465.5825,3,6,3,0.0,9333.120770433738,9400.0,0.0,101325.0,0.0
465.6825,3,6,3,0.0,9263.9542314262,9400.0,0.0,101325.0,0.0
465.7825,0,6,3,0.0,8904.999996225566,9400.0,0.0,101325.0,0.0
465.8825,4,6,3,0.0,7902.657240833474,9400.0,0.0,101325.0,0.0
465.9825,4,6,3,0.0,7947.9487898488,9400.0,0.0,101325.0,0.0
466.0825,4,6,3,0.0,8021.007553136004,9400.0,0.0,101325.0,0.0
466.1825,4,6,3,0.0,8047.234896706044,9400.0,0.0,101325.0,0.0
466.2825,4,6,3,0.0,8125.038000459928,9400.0,0.0,101325.0,0.0
466.3825,4,6,3,0.0,8172.184155294048,9400.0,0.0,101325.0,0.0
466.4825,4,6,3,0.0,8185.026513751397,9400.0,0.0,101325.0,0.0
466.5825,4,6,3,0.0,7987.826312009704,9400.0,0.0,101325.0,0.0
466.6825,4,6,3,0.0,7802.226430699011,9400.0,0.0,101325.0,0.0
466.7825,4,6,3,0.0,7600.3838859822445,9400.0,0.0,101325.0,0.0
466.90250000000003,4,6,3,0.0,7361.99884565867,9400.0,0.0,101325.0,0.0
466.9825,4,6,3,0.0,7166.181729903148,9400.0,0.0,101325.0,0.0
467.1025,4,6,3,0.0,6900.863523367623,9400.0,0.0,101325.0,0.0
467.1825,4,6,3,0.0,6689.501989891421,9400.0,0.0,101325.0,0.0
467.2825,4,6,3,0.0,6441.887050841759,9400.0,0.0,101325.0,0.0
467.40250000000003,0,6,3,0.0,7375.7865751525,9400.0,0.0,101325.0,0.0
467.4825,3,6,3,0.0,7197.511279424702,9400.0,0.0,101325.0,0.0
467.6025,3,6,3,0.0,6776.50759875936,9400.0,0.0,101325.0,0.0
467.6825,3,6,3,0.0,6757.0989332138515,9400.0,0.0,101325.0,0.0
467.8025,3,6,3,0.0,6547.1939239177755,9400.0,0.0,101325.0,0.0
467.90250000000003,3,6,3,0.0,6419.267504260509,9400.0,0.0,101325.0,0.0
467.9825,3,6,3,0.0,6338.887652447264,9400.0,0.0,101325.0,0.0
468.1025,0,6,3,0.0,6408.795567508072,9400.0,0.0,101325.0,0.0
468.1825,2,6,3,0.0,7523.288936241507,9400.0,0.0,101325.0,0.0
468.3025,2,6,3,0.0,7356.594727132005,9400.0,0.0,101325.0,0.0
468.40250000000003,2,6,3,0.0,7265.563422981098,9400.0,0.0,101325.0,0.0
468.5025,2,6,3,0.0,7211.701753299671,9400.0,0.0,101325.0,0.0
468.6025,2,6,3,0.0,7179.404684714888,9400.0,0.0,101325.0,0.0
468.7025,2,6,3,0.0,7174.651601606071,9400.0,0.0,101325.0,0.0
468.8025,2,6,3,0.0,7153.156941646527,9400.0,0.0,101325.0,0.0
468.90250000000003,2,6,3,0.0,7179.67920367801,9400.0,0.0,101325.0,0.0
469.0025,2,6,3,0.0,7266.576403783442,9400.0,0.0,101325.0,0.0
469.1025,2,6,3,0.0,7420.582707780028,9400.0,0.0,101325.0,0.0
469.2025,2,6,3,0.0,7559.930515125876,9400.0,0.0,101325.0,0.0
469.3025,2,6,3,0.0,7649.393389277295,9400.0,0.0,101325.0,0.0
469.40250000000003,2,6,3,0.0,7719.250597013704,9400.0,0.0,101325.0,0.0
469.5025,2,6,3,0.0,7801.443089963481,9400.0,0.0,101325.0,0.0
469.6025,2,6,3,0.0,7838.099822760888,9400.0,0.0,101325.0,0.0
469.7025,2,6,3,0.0,7933.821262997221,9400.0,0.0,101325.0,0.0
469.8025,2,6,3,0.0,8046.713835234643,9400.0,0.0,101325.0,0.0
469.90250000000003,2,6,3,0.0,8171.75168592964,9400.0,0.0,101325.0,0.0
470.0225,2,6,3,0.0,8311.011484011304,9400.0,0.0,101325.0,0.0
470.1025,2,6,3,0.0,8473.378085262686,9400.0,0.0,101325.0,0.0
470.2025,2,6,3,0.0,8592.080434621957,9400.0,0.0,101325.0,0.0
470.3225,2,6,3,0.0,8757.008630019662,9400.0,0.0,101325.0,0.0
470.40250000000003,2,6,3,0.0,8850.871967380348,9400.0,0.0,101325.0,0.0
470.5225,2,6,3,0.0,8936.79465430884,9400.0,0.0,101325.0,0.0
470.6025,2,6,3,0.0,9053.921579554913,9400.0,0.0,101325.0,0.0
470.7225,2,6,3,0.0,9173.721421923861,9400.0,0.0,101325.0,0.0
470.8225,2,6,3,0.0,9226.333476622418,9400.0,0.0,101325.0,0.0
470.9225,2,6,3,0.0,8971.86139192282,9400.0,0.0,101325.0,0.0
471.0225,2,6,3,0.0,8837.480570996757,9400.0,0.0,101325.0,0.0
471.1225,2,6,3,0.0,8641.13773102736,9400.0,0.0,101325.0,0.0
471.2225,2,6,3,0.0,8325.724185043293,9400.0,0.0,101325.0,0.0
471.3225,2,6,3,0.0,7949.133126437042,9400.0,0.0,101325.0,0.0
471.4225,2,6,3,0.0,7380.041327659473,9400.0,0.0,101325.0,0.0
471.5225,2,6,3,0.0,7046.660486396987,9400.0,0.0,101325.0,0.0
471.6225,2,6,3,0.0,6809.953450521025,9400.0,0.0,101325.0,0.0
471.7225,2,6,3,0.0,6448.217889435012,9400.0,0.0,101325.0,0.0
471.8225,0,6,3,0.0,7726.025561827547,9400.0,0.0,101325.0,0.0
471.9225,1,6,3,0.0,7575.793165020366,9400.0,0.0,101325.0,0.0
472.0225,1,6,3,0.0,7282.356289999031,9400.0,0.0,101325.0,0.0
472.1225,1,6,3,0.0,7016.747244901728,9400.0,0.0,101325.0,0.0
472.2225,1,6,3,0.0,6728.0343108487505,9400.0,0.0,101325.0,0.0
472.34250000000003,1,6,3,0.0,6432.548160510358,9400.0,0.0,101325.0,0.0
472.4225,1,6,3,0.0,6294.485521558739,9400.0,0.0,101325.0,0.0
472.5225,1,6,3,0.0,6188.377822462917,9400.0,0.0,101325.0,0.0
472.6425,1,6,3,0.0,6134.029479035829,9400.0,0.0,101325.0,0.0
472.7225,1,6,3,0.0,6180.740833134305,9400.0,0.0,101325.0,0.0
472.84250000000003,1,6,3,0.0,6391.7724775805145,9400.0,0.0,101325.0,0.0
472.9225,1,6,3,0.0,6419.117713658551,9400.0,0.0,101325.0,0.0
473.0225,1,6,3,0.0,6491.329606344026,9400.0,0.0,101325.0,0.0
473.1425,1,6,3,0.0,6656.732235788398,9400.0,0.0,101325.0,0.0
473.2225,1,6,3,0.0,6823.299385165501,9400.0,0.0,101325.0,0.0
473.34250000000003,1,6,3,0.0,6848.696760575276,9400.0,0.0,101325.0,0.0
473.4225,1,6,3,0.0,7012.687744735827,9400.0,0.0,101325.0,0.0
473.5425,1,6,3,0.0,7037.893364861385,9400.0,0.0,101325.0,0.0
473.6425,1,6,3,0.0,7019.902173027789,9400.0,0.0,101325.0,0.0
473.7425,1,6,3,0.0,7290.375041367653,9400.0,0.0,101325.0,0.0
473.84250000000003,1,6,3,0.0,7355.993816195745,9400.0,0.0,101325.0,0.0
473.9425,1,6,3,0.0,7452.367457535545,9400.0,0.0,101325.0,0.0
474.0425,1,6,3,0.0,7538.669575132811,9400.0,0.0,101325.0,0.0
474.1425,1,6,3,0.0,7624.035064335733,9400.0,0.0,101325.0,0.0
474.2425,1,6,3,0.0,7718.058683468942,9400.0,0.0,101325.0,0.0
474.34250000000003,1,6,3,0.0,7902.989461234703,9400.0,0.0,101325.0,0.0
474.4425,1,6,3,0.0,8062.060669243014,9400.0,0.0,101325.0,0.0
474.5425,1,6,3,0.0,8272.861507936792,9400.0,0.0,101325.0,0.0
474.6425,1,6,3,0.0,8512.405239765005,9400.0,0.0,101325.0,0.0
474.7425,1,6,3,0.0,8639.188121830672,9400.0,0.0,101325.0,0.0
474.84250000000003,1,6,3,0.0,8779.617102587537,9400.0,0.0,101325.0,0.0
474.9425,1,6,3,0.0,8900.572722247078,9400.0,0.0,101325.0,0.0
475.0425,1,6,3,0.0,9056.729716209516,9400.0,0.0,101325.0,0.0
475.1425,1,6,3,0.0,9208.08991385245,9400.0,0.0,101325.0,0.0
475.2425,2,6,3,0.0,7223.329467342701,9400.0,0.0,101325.0,0.0
475.34250000000003,2,6,3,0.0,7332.491845601406,9400.0,0.0,101325.0,0.0
475.46250000000003,2,6,3,0.0,7475.12513786257,9400.0,0.0,101325.0,0.0
475.5425,2,6,3,0.0,7555.001413488688,9400.0,0.0,101325.0,0.0
475.6625,2,6,3,0.0,7717.810392432234,9400.0,0.0,101325.0,0.0
475.7625,2,6,3,0.0,7806.51965083139,9400.0,0.0,101325.0,0.0
475.84250000000003,2,6,3,0.0,8004.4099384591445,9400.0,0.0,101325.0,0.0
475.96250000000003,2,6,3,0.0,8096.450143512732,9400.0,0.0,101325.0,0.0
476.0625,2,6,3,0.0,8189.431639703137,9400.0,0.0,101325.0,0.0
476.1625,2,6,3,0.0,8282.756430308145,9400.0,0.0,101325.0,0.0
476.2625,2,6,3,0.0,8365.872146267655,9400.0,0.0,101325.0,0.0
476.34250000000003,2,6,3,0.0,8449.070625906066,9400.0,0.0,101325.0,0.0
476.46250000000003,2,6,3,0.0,8569.840318709481,9400.0,0.0,101325.0,0.0
476.5625,2,6,3,0.0,8649.457812128325,9400.0,0.0,101325.0,0.0
476.6625,2,6,3,0.0,8777.509542989563,9400.0,0.0,101325.0,0.0
476.7625,2,6,3,0.0,8842.364210894828,9400.0,0.0,101325.0,0.0
476.8625,2,6,3,0.0,8907.159428833558,9400.0,0.0,101325.0,0.0
476.96250000000003,2,6,3,0.0,9012.858555120149,9400.0,0.0,101325.0,0.0
477.0625,2,6,3,0.0,9056.582256978796,9400.0,0.0,101325.0,0.0
477.1625,2,6,3,0.0,9164.766625003705,9400.0,0.0,101325.0,0.0
477.2625,2,6,3,0.0,9223.59294973368,9400.0,0.0,101325.0,0.0
477.3625,2,6,3,0.0,9314.74898224575,9400.0,0.0,101325.0,0.0
477.46250000000003,2,6,3,0.0,9388.037968442579,9400.0,0.0,101325.0,0.0
477.5625,0,6,3,0.0,8658.762897576795,9400.0,0.0,101325.0,0.0
477.6625,3,6,3,0.0,7683.96879040314,9400.0,0.0,101325.0,0.0
477.7625,3,6,3,0.0,7779.6762424120525,9400.0,0.0,101325.0,0.0
477.8625,3,6,3,0.0,7804.617834745054,9400.0,0.0,101325.0,0.0
477.9825,3,6,3,0.0,7930.637192730701,9400.0,0.0,101325.0,0.0
478.0625,3,6,3,0.0,7939.467844132503,9400.0,0.0,101325.0,0.0
478.1625,3,6,3,0.0,8055.338743124806,9400.0,0.0,101325.0,0.0
478.2625,3,6,3,0.0,8089.910064350986,9400.0,0.0,101325.0,0.0
478.3825,3,6,3,0.0,8181.418716762607,9400.0,0.0,101325.0,0.0
478.4825,3,6,3,0.0,8241.257439452118,9400.0,0.0,101325.0,0.0
478.5625,3,6,3,0.0,8299.59126200834,9400.0,0.0,101325.0,0.0
478.6825,3,6,3,0.0,8381.949865158731,9400.0,0.0,101325.0,0.0
478.7825,3,6,3,0.0,8447.936413799413,9400.0,0.0,101325.0,0.0
478.8825,3,6,3,0.0,8526.307789292243,9400.0,0.0,101325.0,0.0
478.9825,3,6,3,0.0,8575.753841851363,9400.0,0.0,101325.0,0.0
479.0825,3,6,3,0.0,8648.545663131967,9400.0,0.0,101325.0,0.0
479.1825,3,6,3,0.0,8714.410980468341,9400.0,0.0,101325.0,0.0
479.2825,3,6,3,0.0,8780.720424025305,9400.0,0.0,101325.0,0.0
479.3825,3,6,3,0.0,8845.993573067557,9400.0,0.0,101325.0,0.0
479.4825,3,6,3,0.0,8885.692745328855,9400.0,0.0,101325.0,0.0
479.5825,3,6,3,0.0,8938.08040554588,9400.0,0.0,101325.0,0.0
479.6825,3,6,3,0.0,8969.02353028495,9400.0,0.0,101325.0,0.0
479.7825,3,6,3,0.0,9028.680406017998,9400.0,0.0,101325.0,0.0
479.8825,3,6,3,0.0,9070.45158446591,9400.0,0.0,101325.0,0.0
479.9825,3,6,3,0.0,9084.107591484866,9400.0,0.0,101325.0,0.0
480.0825,3,6,3,0.0,9175.75554332788,9400.0,0.0,101325.0,0.0
480.1825,0,6,3,0.0,8826.557513910018,9400.0,0.0,101325.0,0.0
480.2825,4,6,3,0.0,7743.5021034606425,9400.0,0.0,101325.0,0.0
480.40250000000003,4,6,3,0.0,7765.183855961931,9400.0,0.0,101325.0,0.0
480.4825,4,6,3,0.0,7773.624585524395,9400.0,0.0,101325.0,0.0
480.5825,4,6,3,0.0,7847.570435567162,9400.0,0.0,101325.0,0.0
480.7025,4,6,3,0.0,7862.233012117564,9400.0,0.0,101325.0,0.0
480.7825,4,6,3,0.0,7910.7016372857,9400.0,0.0,101325.0,0.0
480.90250000000003,4,6,3,0.0,7946.7015062371665,9400.0,0.0,101325.0,0.0
480.9825,4,6,3,0.0,7987.7575365582225,9400.0,0.0,101325.0,0.0
481.0825,4,6,3,0.0,8041.004307075969,9400.0,0.0,101325.0,0.0
481.2025,4,6,3,0.0,8090.756352109907,9400.0,0.0,101325.0,0.0
481.2825,4,6,3,0.0,8114.114943373191,9400.0,0.0,101325.0,0.0
481.40250000000003,4,6,3,0.0,8164.674808540644,9400.0,0.0,101325.0,0.0
481.4825,4,6,3,0.0,8191.044948598932,9400.0,0.0,101325.0,0.0
481.6025,4,6,3,0.0,8246.762972627579,9400.0,0.0,101325.0,0.0
481.7025,4,6,3,0.0,8272.758344759568,9400.0,0.0,101325.0,0.0
481.7825,4,6,3,0.0,8314.102882271165,9400.0,0.0,101325.0,0.0
481.90250000000003,4,6,3,0.0,8355.508618277725,9400.0,0.0,101325.0,0.0
482.0025,4,6,3,0.0,8392.823963449498,9400.0,0.0,101325.0,0.0
482.1025,4,6,3,0.0,8420.416324878624,9400.0,0.0,101325.0,0.0
482.2025,4,6,3,0.0,8479.595269508149,9400.0,0.0,101325.0,0.0
482.3025,4,6,3,0.0,8484.40255699822,9400.0,0.0,101325.0,0.0
482.40250000000003,4,6,3,0.0,8537.21685815156,9400.0,0.0,101325.0,0.0
482.5025,4,6,3,0.0,8557.868727409037,9400.0,0.0,101325.0,0.0
482.6025,4,6,3,0.0,8611.426735986885,9400.0,0.0,101325.0,0.0
482.7025,4,6,3,0.0,8651.199929284947,9400.0,0.0,101325.0,0.0
482.8025,4,6,3,0.0,8670.74614573342,9400.0,0.0,101325.0,0.0
482.90250000000003,4,6,3,0.0,8690.919501044566,9400.0,0.0,101325.0,0.0
483.0025,4,6,3,0.0,8741.416419188628,9400.0,0.0,101325.0,0.0
483.1025,4,6,3,0.0,8764.703903629192,9400.0,0.0,101325.0,0.0
483.2225,4,6,3,0.0,8591.107669973446,9400.0,0.0,101325.0,0.0
483.3025,4,6,3,0.0,8426.63292628128,9400.0,0.0,101325.0,0.0
483.4225,4,6,3,0.0,8112.300553708231,9400.0,0.0,101325.0,0.0
483.5025,4,6,3,0.0,7687.550942308325,9400.0,0.0,101325.0,0.0
483.6025,4,6,3,0.0,7462.950134421725,9400.0,0.0,101325.0,0.0
483.7025,4,6,3,0.0,7114.187488582316,9400.0,0.0,101325.0,0.0
483.8025,0,6,3,0.0,8269.347548640279,9400.0,0.0,101325.0,0.0
483.9225,3,6,3,0.0,7754.87045245359,9400.0,0.0,101325.0,0.0
484.0025,3,6,3,0.0,7668.194732615643,9400.0,0.0,101325.0,0.0
484.1225,3,6,3,0.0,7270.760049467696,9400.0,0.0,101325.0,0.0
484.2225,2,6,3,0.0,8575.994555931553,9400.0,0.0,101325.0,0.0
484.3225,2,6,3,0.0,8144.02119075474,9400.0,0.0,101325.0,0.0
484.4225,2,6,3,0.0,7803.36413986252,9400.0,0.0,101325.0,0.0
484.5225,2,6,3,0.0,7484.893583344333,9400.0,0.0,101325.0,0.0
484.6225,2,6,3,0.0,7177.073313478191,9400.0,0.0,101325.0,0.0
484.7225,2,6,3,0.0,6816.182291622672,9400.0,0.0,101325.0,0.0
484.8225,1,6,3,0.0,8519.909923775935,9400.0,0.0,101325.0,0.0
484.9225,1,6,3,0.0,8083.655578165735,9400.0,0.0,101325.0,0.0
485.0225,1,6,3,0.0,7628.682070053282,9400.0,0.0,101325.0,0.0
485.1225,1,6,3,0.0,7294.581417921464,9400.0,0.0,101325.0,0.0
485.2225,1,6,3,0.0,6928.988603124335,9400.0,0.0,101325.0,0.0
485.3225,1,6,3,0.0,6655.599189367363,9400.0,0.0,101325.0,0.0
485.4425,1,6,3,0.0,6325.7270618161065,9400.0,0.0,101325.0,0.0
485.5225,1,6,3,0.0,6073.356125443582,9400.0,0.0,101325.0,0.0
485.6225,1,6,3,0.0,5790.577696873618,9400.0,0.0,101325.0,0.0
485.7225,1,6,3,0.0,5588.485112591717,9400.0,0.0,101325.0,0.0
485.8225,1,6,3,0.0,5302.960328704923,9400.0,0.0,101325.0,0.0
485.9425,1,6,3,0.0,4969.680902091233,9400.0,0.0,101325.0,0.0
486.0225,1,6,3,0.0,4758.3505507053205,9400.0,0.0,101325.0,0.0
486.1425,1,6,3,0.0,4394.884529318869,9400.0,0.0,101325.0,0.0
486.2225,1,6,3,0.0,4181.237960609297,9400.0,0.0,101325.0,0.0
486.34250000000003,1,6,3,0.0,3849.941073811014,9400.0,0.0,101325.0,0.0
486.4225,1,6,3,0.0,3652.483838390476,9400.0,0.0,101325.0,0.0
486.5425,1,6,3,0.0,3420.7921648874603,9400.0,0.0,101325.0,0.0
486.6425,1,6,3,0.0,3290.65152539814,9400.0,0.0,101325.0,0.0
486.7425,1,6,3,0.0,3243.9270573364593,9400.0,0.0,101325.0,0.0
486.84250000000003,1,6,3,0.0,3255.517760861106,9400.0,0.0,101325.0,0.0
486.9425,1,6,3,0.0,3298.819484525911,9400.0,0.0,101325.0,0.0
487.0425,1,6,3,0.0,3340.112149027491,9400.0,0.0,101325.0,0.0
487.1425,1,6,3,0.0,3421.534123783539,9400.0,0.0,101325.0,0.0
487.2425,1,6,3,0.0,3466.832084069766,9400.0,0.0,101325.0,0.0
487.34250000000003,1,6,3,0.0,3543.162926887676,9400.0,0.0,101325.0,0.0
487.4425,1,6,3,0.0,3555.6990014488038,9400.0,0.0,101325.0,0.0
487.5425,1,6,3,0.0,3518.485362347231,9400.0,0.0,101325.0,0.0
487.6425,1,6,3,0.0,3488.8702449488646,9400.0,0.0,101325.0,0.0
487.7425,1,6,3,0.0,3454.3953842076025,9400.0,0.0,101325.0,0.0
487.84250000000003,1,6,3,0.0,3422.207307228136,9400.0,0.0,101325.0,0.0
487.9425,1,6,3,0.0,3322.708462745543,9400.0,0.0,101325.0,0.0
488.0425,1,6,3,0.0,3225.8874895497015,9400.0,0.0,101325.0,0.0
488.1625,1,6,3,0.0,3080.490939530241,9400.0,0.0,101325.0,0.0
488.2425,1,6,3,0.0,3017.865645370068,9400.0,0.0,101325.0,0.0
488.34250000000003,1,6,3,0.0,3031.5618685428576,9400.0,0.0,101325.0,0.0
488.4425,1,6,3,0.0,3293.0575005144124,9400.0,0.0,101325.0,0.0
488.5425,1,6,3,0.0,3491.1780110517907,9400.0,0.0,101325.0,0.0
488.6625,1,6,3,0.0,3758.57958920871,9400.0,0.0,101325.0,0.0
488.7625,1,6,3,0.0,3918.23713708305,9400.0,0.0,101325.0,0.0
488.84250000000003,1,6,3,0.0,4044.9174388143015,9400.0,0.0,101325.0,0.0
488.96250000000003,1,6,3,0.0,4219.648175998106,9400.0,0.0,101325.0,0.0
489.0425,1,6,3,0.0,4311.979219613472,9400.0,0.0,101325.0,0.0
489.1625,1,6,3,0.0,4450.57486831408,9400.0,0.0,101325.0,0.0
489.2625,1,6,3,0.0,4569.2410814191835,9400.0,0.0,101325.0,0.0
489.34250000000003,1,6,3,0.0,4690.78537231599,9400.0,0.0,101325.0,0.0
489.46250000000003,1,6,3,0.0,4950.159747883554,9400.0,0.0,101325.0,0.0
489.5625,1,6,3,0.0,5166.159544435167,9400.0,0.0,101325.0,0.0
489.6625,1,6,3,0.0,5420.848446659778,9400.0,0.0,101325.0,0.0
489.7625,1,6,3,0.0,5707.815766499278,9400.0,0.0,101325.0,0.0
489.8625,1,6,3,0.0,5855.256346250513,9400.0,0.0,101325.0,0.0
489.96250000000003,1,6,3,0.0,5969.0657302267655,9400.0,0.0,101325.0,0.0
490.0625,1,6,3,0.0,6219.042348339201,9400.0,0.0,101325.0,0.0
490.1625,1,6,3,0.0,6342.2815461250875,9400.0,0.0,101325.0,0.0
490.2625,1,6,3,0.0,6533.087962250136,9400.0,0.0,101325.0,0.0
490.3625,1,6,3,0.0,6786.69510822092,9400.0,0.0,101325.0,0.0
490.46250000000003,1,6,3,0.0,7011.055784870139,9400.0,0.0,101325.0,0.0
490.5825,1,6,3,0.0,7310.92083323386,9400.0,0.0,101325.0,0.0
490.6625,1,6,3,0.0,7555.278263823046,9400.0,0.0,101325.0,0.0
490.7625,1,6,3,0.0,7723.774040055707,9400.0,0.0,101325.0,0.0
490.8625,1,6,3,0.0,7973.765229238372,9400.0,0.0,101325.0,0.0
490.9825,1,6,3,0.0,8228.064209623646,9400.0,0.0,101325.0,0.0
491.0625,1,6,3,0.0,8404.760584181391,9400.0,0.0,101325.0,0.0
491.1825,1,6,3,0.0,8658.555988379538,9400.0,0.0,101325.0,0.0
491.2825,1,6,3,0.0,8848.155337046786,9400.0,0.0,101325.0,0.0
491.3625,1,6,3,0.0,8999.757414455526,9400.0,0.0,101325.0,0.0
491.4825,1,6,3,0.0,9200.49372352048,9400.0,0.0,101325.0,0.0
491.5625,1,6,3,0.0,9348.169188923812,9400.0,0.0,101325.0,0.0
491.6825,0,6,3,0.0,8662.94479473262,9400.0,0.0,101325.0,0.0
491.7825,2,6,3,0.0,7429.594623295482,9400.0,0.0,101325.0,0.0
491.8625,2,6,3,0.0,7544.728226134179,9400.0,0.0,101325.0,0.0
491.9825,2,6,3,0.0,7700.762823106691,9400.0,0.0,101325.0,0.0
492.0825,2,6,3,0.0,7856.414492353575,9400.0,0.0,101325.0,0.0
492.1825,2,6,3,0.0,7980.88290562401,9400.0,0.0,101325.0,0.0
492.2825,2,6,3,0.0,8139.9034063079225,9400.0,0.0,101325.0,0.0
492.3825,2,6,3,0.0,8240.489252629626,9400.0,0.0,101325.0,0.0
492.4825,2,6,3,0.0,8357.634828845592,9400.0,0.0,101325.0,0.0
492.5825,2,6,3,0.0,8489.938397999758,9400.0,0.0,101325.0,0.0
492.6825,2,6,3,0.0,8617.879971570064,9400.0,0.0,101325.0,0.0
492.7825,2,6,3,0.0,8718.401705182758,9400.0,0.0,101325.0,0.0
492.8825,2,6,3,0.0,8837.538272434864,9400.0,0.0,101325.0,0.0
492.9825,2,6,3,0.0,9003.151308133349,9400.0,0.0,101325.0,0.0
493.1025,2,6,3,0.0,9059.590891559754,9400.0,0.0,101325.0,0.0
493.1825,2,6,3,0.0,9133.571712171073,9400.0,0.0,101325.0,0.0
493.3025,2,6,3,0.0,9271.27415426662,9400.0,0.0,101325.0,0.0
493.3825,2,6,3,0.0,9314.998438968078,9400.0,0.0,101325.0,0.0
493.4825,2,6,3,0.0,9165.626900990048,9400.0,0.0,101325.0,0.0
493.6025,3,6,3,0.0,7680.145924417764,9400.0,0.0,101325.0,0.0
493.6825,3,6,3,0.0,7748.347858576119,9400.0,0.0,101325.0,0.0
493.8025,3,6,3,0.0,7880.906712880703,9400.0,0.0,101325.0,0.0
493.8825,3,6,3,0.0,7923.67746674635,9400.0,0.0,101325.0,0.0
494.0025,3,6,3,0.0,7996.78169177267,9400.0,0.0,101325.0,0.0
494.1025,3,6,3,0.0,8069.128221147063,9400.0,0.0,101325.0,0.0
494.1825,3,6,3,0.0,8167.9381454292115,9400.0,0.0,101325.0,0.0
494.3025,3,6,3,0.0,8238.864869720457,9400.0,0.0,101325.0,0.0
494.3825,3,6,3,0.0,8323.45342945875,9400.0,0.0,101325.0,0.0
494.5025,3,6,3,0.0,8389.529735892045,9400.0,0.0,101325.0,0.0
494.5825,3,6,3,0.0,8463.911552356074,9400.0,0.0,101325.0,0.0
494.7025,3,6,3,0.0,8526.459911265438,9400.0,0.0,101325.0,0.0
494.8025,3,6,3,0.0,8628.5996165164,9400.0,0.0,101325.0,0.0
494.90250000000003,3,6,3,0.0,8684.399821381141,9400.0,0.0,101325.0,0.0
495.0025,3,6,3,0.0,8781.16105318904,9400.0,0.0,101325.0,0.0
495.1025,3,6,3,0.0,8812.872364750603,9400.0,0.0,101325.0,0.0
495.2025,3,6,3,0.0,8931.206357454477,9400.0,0.0,101325.0,0.0
495.3025,3,6,3,0.0,8997.24128204832,9400.0,0.0,101325.0,0.0
495.40250000000003,3,6,3,0.0,9057.436704537045,9400.0,0.0,101325.0,0.0
495.5025,3,6,3,0.0,9134.825407053606,9400.0,0.0,101325.0,0.0
495.6025,0,6,3,0.0,8832.444809125489,9400.0,0.0,101325.0,0.0
495.7025,4,6,3,0.0,7648.691063692239,9400.0,0.0,101325.0,0.0
495.8025,4,6,3,0.0,7686.3701027769375,9400.0,0.0,101325.0,0.0
495.90250000000003,4,6,3,0.0,7723.690693533995,9400.0,0.0,101325.0,0.0
496.0025,4,6,3,0.0,7781.367069401468,9400.0,0.0,101325.0,0.0
496.1225,4,6,3,0.0,7816.689675008674,9400.0,0.0,101325.0,0.0
496.2025,4,6,3,0.0,7844.248231554869,9400.0,0.0,101325.0,0.0
496.3025,4,6,3,0.0,7898.640288192644,9400.0,0.0,101325.0,0.0
496.4225,4,6,3,0.0,7946.904918377569,9400.0,0.0,101325.0,0.0
496.5025,4,6,3,0.0,7993.240921706935,9400.0,0.0,101325.0,0.0
496.6025,4,6,3,0.0,8037.993341123774,9400.0,0.0,101325.0,0.0
496.7225,4,6,3,0.0,8094.233592309442,9400.0,0.0,101325.0,0.0
496.8025,4,6,3,0.0,8133.752666142705,9400.0,0.0,101325.0,0.0
496.9225,4,6,3,0.0,8187.082783182164,9400.0,0.0,101325.0,0.0
497.0025,4,6,3,0.0,8233.667660391047,9400.0,0.0,101325.0,0.0
497.1225,4,6,3,0.0,8346.897115772172,9400.0,0.0,101325.0,0.0
497.2225,4,6,3,0.0,8355.599541755955,9400.0,0.0,101325.0,0.0
497.3025,4,6,3,0.0,8358.795851721468,9400.0,0.0,101325.0,0.0
497.4225,4,6,3,0.0,8387.40061111013,9400.0,0.0,101325.0,0.0
497.52250000000004,4,6,3,0.0,8463.740779412987,9400.0,0.0,101325.0,0.0
497.6025,4,6,3,0.0,8489.428410541732,9400.0,0.0,101325.0,0.0
497.7225,4,6,3,0.0,8524.846019526833,9400.0,0.0,101325.0,0.0
497.8225,4,6,3,0.0,8570.951217103766,9400.0,0.0,101325.0,0.0
497.9225,4,6,3,0.0,8612.231059063544,9400.0,0.0,101325.0,0.0
498.02250000000004,4,6,3,0.0,8645.393066377143,9400.0,0.0,101325.0,0.0
498.1225,4,6,3,0.0,8699.873715121912,9400.0,0.0,101325.0,0.0
498.2225,4,6,3,0.0,8727.681728390433,9400.0,0.0,101325.0,0.0
498.3225,4,6,3,0.0,8744.856940291185,9400.0,0.0,101325.0,0.0
498.4225,4,6,3,0.0,8800.113352814966,9400.0,0.0,101325.0,0.0
498.52250000000004,4,6,3,0.0,8821.255392874958,9400.0,0.0,101325.0,0.0
498.6225,4,6,3,0.0,8872.146312758023,9400.0,0.0,101325.0,0.0
498.7425,4,6,3,0.0,8899.701372247362,9400.0,0.0,101325.0,0.0
498.8225,4,6,3,0.0,8932.431493039361,9400.0,0.0,101325.0,0.0
498.9425,4,6,3,0.0,8973.091773092987,9400.0,0.0,101325.0,0.0
499.02250000000004,4,6,3,0.0,8998.974656562805,9400.0,0.0,101325.0,0.0
499.1225,4,6,3,0.0,9024.648882306938,9400.0,0.0,101325.0,0.0
499.2425,4,6,3,0.0,9072.587703361534,9400.0,0.0,101325.0,0.0
499.3225,4,6,3,0.0,9100.966902583046,9400.0,0.0,101325.0,0.0
499.4425,4,6,3,0.0,9133.536741602522,9400.0,0.0,101325.0,0.0
499.52250000000004,4,6,3,0.0,9162.478966977696,9400.0,0.0,101325.0,0.0
499.6425,4,6,3,0.0,9193.98453502762,9400.0,0.0,101325.0,0.0
499.7225,4,6,3,0.0,9222.694788964742,9400.0,0.0,101325.0,0.0
499.84250000000003,5,6,3,0.0,7978.813813651441,9400.0,0.0,101325.0,0.0
499.9225,5,6,3,0.0,8000.457098527324,9400.0,0.0,101325.0,0.0
500.0425,5,6,3,0.0,8032.276236008583,9400.0,0.0,101325.0,0.0
500.1425,5,6,3,0.0,8064.300534158671,9400.0,0.0,101325.0,0.0
500.2425,5,6,3,0.0,8078.203666528718,9400.0,0.0,101325.0,0.0
500.34250000000003,5,6,3,0.0,8066.156305663083,9400.0,0.0,101325.0,0.0
500.4425,5,6,3,0.0,8010.989650931914,9400.0,0.0,101325.0,0.0
500.5425,5,6,3,0.0,7948.293249949022,9400.0,0.0,101325.0,0.0
500.6425,5,6,3,0.0,7880.740019837279,9400.0,0.0,101325.0,0.0
500.7425,5,6,3,0.0,7863.322345327911,9400.0,0.0,101325.0,0.0
500.84250000000003,5,6,3,0.0,7780.272490605838,9400.0,0.0,101325.0,0.0
500.9425,5,6,3,0.0,7750.643676401456,9400.0,0.0,101325.0,0.0
501.0425,5,6,3,0.0,7801.167405314741,9400.0,0.0,101325.0,0.0
501.1425,5,6,3,0.0,7722.3612290862675,9400.0,0.0,101325.0,0.0
501.2425,5,6,3,0.0,7743.679870517441,9400.0,0.0,101325.0,0.0
501.3625,5,6,3,0.0,7655.2317256967945,9400.0,0.0,101325.0,0.0
501.4425,5,6,3,0.0,7621.314936945317,9400.0,0.0,101325.0,0.0
501.5425,5,6,3,0.0,7617.724042397993,9400.0,0.0,101325.0,0.0
501.6625,5,6,3,0.0,7563.172286830504,9400.0,0.0,101325.0,0.0
501.7425,5,6,3,0.0,7528.387645136165,9400.0,0.0,101325.0,0.0
501.84250000000003,5,6,3,0.0,7508.0132090558545,9400.0,0.0,101325.0,0.0
501.9425,5,6,3,0.0,7531.8648853357,9400.0,0.0,101325.0,0.0
502.0425,5,6,3,0.0,7591.01876772443,9400.0,0.0,101325.0,0.0
502.1625,5,6,3,0.0,7689.441684381287,9400.0,0.0,101325.0,0.0
502.2425,5,6,3,0.0,7680.973561206792,9400.0,0.0,101325.0,0.0
502.3625,5,6,3,0.0,7721.896120524547,9400.0,0.0,101325.0,0.0
502.4425,5,6,3,0.0,7745.201090249386,9400.0,0.0,101325.0,0.0
502.5625,5,6,3,0.0,7622.403104470045,9400.0,0.0,101325.0,0.0
502.6625,5,6,3,0.0,7450.329839074671,9400.0,0.0,101325.0,0.0
502.7625,5,6,3,0.0,7282.038057825222,9400.0,0.0,101325.0,0.0
502.8625,5,6,3,0.0,7035.219282052893,9400.0,0.0,101325.0,0.0
502.96250000000003,5,6,3,0.0,6729.213984694519,9400.0,0.0,101325.0,0.0
503.0625,5,6,3,0.0,6502.0102008221465,9400.0,0.0,101325.0,0.0
503.1625,5,6,3,0.0,6154.586344915411,9400.0,0.0,101325.0,0.0
503.2625,0,6,3,0.0,6998.316589590014,9400.0,0.0,101325.0,0.0
503.3625,4,6,3,0.0,6757.175868464662,9400.0,0.0,101325.0,0.0
503.46250000000003,4,6,3,0.0,6434.247147299101,9400.0,0.0,101325.0,0.0
503.5625,4,6,3,0.0,6256.934707892058,9400.0,0.0,101325.0,0.0
503.6625,0,6,3,0.0,6838.6164941906045,9400.0,0.0,101325.0,0.0
503.7625,3,6,3,0.0,6939.463454090818,9400.0,0.0,101325.0,0.0
503.8625,3,6,3,0.0,6676.136821434242,9400.0,0.0,101325.0,0.0
503.96250000000003,3,6,3,0.0,6466.220738124791,9400.0,0.0,101325.0,0.0
504.0625,3,6,3,0.0,6266.12555614993,9400.0,0.0,101325.0,0.0
504.1625,3,6,3,0.0,6116.216054259032,9400.0,0.0,101325.0,0.0
504.2825,3,6,3,0.0,5953.910068659803,9400.0,0.0,101325.0,0.0
504.3625,2,6,3,0.0,7235.344771853831,9400.0,0.0,101325.0,0.0
504.4825,2,6,3,0.0,7099.180451931694,9400.0,0.0,101325.0,0.0
504.5625,2,6,3,0.0,6999.107507282064,9400.0,0.0,101325.0,0.0
504.6625,2,6,3,0.0,6868.934811438239,9400.0,0.0,101325.0,0.0
504.7825,2,6,3,0.0,6680.181167687103,9400.0,0.0,101325.0,0.0
504.8625,2,6,3,0.0,6529.978495863191,9400.0,0.0,101325.0,0.0
504.9825,2,6,3,0.0,6309.466330282949,9400.0,0.0,101325.0,0.0
505.0825,2,6,3,0.0,6104.513736336427,9400.0,0.0,101325.0,0.0
505.1825,2,6,3,0.0,5910.327997603786,9400.0,0.0,101325.0,0.0
505.2825,0,6,3,0.0,6379.669163805199,9400.0,0.0,101325.0,0.0
505.3625,1,6,3,0.0,7223.707149483045,9400.0,0.0,101325.0,0.0
505.4825,1,6,3,0.0,6914.4128701525015,9400.0,0.0,101325.0,0.0
505.5825,1,6,3,0.0,6680.983159392527,9400.0,0.0,101325.0,0.0
505.6825,1,6,3,0.0,6501.713533832277,9400.0,0.0,101325.0,0.0
505.7825,1,6,3,0.0,6417.968347638859,9400.0,0.0,101325.0,0.0
505.8825,1,6,3,0.0,6321.06431934271,9400.0,0.0,101325.0,0.0
505.9825,1,6,3,0.0,6210.496707071086,9400.0,0.0,101325.0,0.0
506.0825,1,6,3,0.0,6168.343766583164,9400.0,0.0,101325.0,0.0
506.1825,1,6,3,0.0,6282.388036211514,9400.0,0.0,101325.0,0.0
506.2825,1,6,3,0.0,6560.619708027108,9400.0,0.0,101325.0,0.0
506.3825,1,6,3,0.0,6717.797842591221,9400.0,0.0,101325.0,0.0
506.4825,1,6,3,0.0,6880.863855213613,9400.0,0.0,101325.0,0.0
506.5825,1,6,3,0.0,7007.903770958124,9400.0,0.0,101325.0,0.0
506.6825,1,6,3,0.0,7126.395714063284,9400.0,0.0,101325.0,0.0
506.7825,1,6,3,0.0,7283.874012674121,9400.0,0.0,101325.0,0.0
506.90250000000003,1,6,3,0.0,7430.998691622784,9400.0,0.0,101325.0,0.0
506.9825,1,6,3,0.0,7563.138481947572,9400.0,0.0,101325.0,0.0
507.1025,1,6,3,0.0,7749.444185900175,9400.0,0.0,101325.0,0.0
507.1825,1,6,3,0.0,7881.541428699894,9400.0,0.0,101325.0,0.0
507.2825,1,6,3,0.0,8132.199390056255,9400.0,0.0,101325.0,0.0
507.40250000000003,1,6,3,0.0,8250.55436510126,9400.0,0.0,101325.0,0.0
507.4825,1,6,3,0.0,8460.33581172179,9400.0,0.0,101325.0,0.0
507.6025,1,6,3,0.0,8703.596332144109,9400.0,0.0,101325.0,0.0
507.7025,1,6,3,0.0,8880.297369444328,9400.0,0.0,101325.0,0.0
507.7825,1,6,3,0.0,8981.782542220586,9400.0,0.0,101325.0,0.0
507.90250000000003,1,6,3,0.0,9124.447307993447,9400.0,0.0,101325.0,0.0
508.0025,1,6,3,0.0,9301.457834825336,9400.0,0.0,101325.0,0.0
508.1025,1,6,3,0.0,9087.454274895146,9400.0,0.0,101325.0,0.0
508.2025,1,6,3,0.0,9325.159137660416,9400.0,0.0,101325.0,0.0
508.3025,1,6,3,0.0,9173.442240218266,9400.0,0.0,101325.0,0.0
508.40250000000003,1,6,3,0.0,8991.351655461613,9400.0,0.0,101325.0,0.0
508.5025,1,6,3,0.0,8845.01031724848,9400.0,0.0,101325.0,0.0
508.6025,1,6,3,0.0,8655.090987878995,9400.0,0.0,101325.0,0.0
508.7025,1,6,3,0.0,8452.01864483487,9400.0,0.0,101325.0,0.0
508.8025,1,6,3,0.0,8243.51537249486,9400.0,0.0,101325.0,0.0
508.90250000000003,1,6,3,0.0,8071.941020544139,9400.0,0.0,101325.0,0.0
509.0025,1,6,3,0.0,7827.197165172471,9400.0,0.0,101325.0,0.0
509.1025,1,6,3,0.0,7666.79182997396,9400.0,0.0,101325.0,0.0
509.2025,1,6,3,0.0,7582.827494884293,9400.0,0.0,101325.0,0.0
509.3025,1,6,3,0.0,7549.964485931802,9400.0,0.0,101325.0,0.0
509.40250000000003,1,6,3,0.0,7499.703619125456,9400.0,0.0,101325.0,0.0
509.5025,1,6,3,0.0,7448.964238372776,9400.0,0.0,101325.0,0.0
509.6225,1,6,3,0.0,7428.269821590229,9400.0,0.0,101325.0,0.0
509.7025,1,6,3,0.0,7412.5406426990385,9400.0,0.0,101325.0,0.0
509.8225,1,6,3,0.0,7461.100191345406,9400.0,0.0,101325.0,0.0
509.9225,1,6,3,0.0,7518.976482296426,9400.0,0.0,101325.0,0.0
510.0025,1,6,3,0.0,7546.312392889516,9400.0,0.0,101325.0,0.0
510.1225,1,6,3,0.0,7572.466298265599,9400.0,0.0,101325.0,0.0
510.2025,1,6,3,0.0,7597.307058792613,9400.0,0.0,101325.0,0.0
510.3225,1,6,3,0.0,7638.416710652113,9400.0,0.0,101325.0,0.0
510.4225,1,6,3,0.0,7633.491688914589,9400.0,0.0,101325.0,0.0
510.52250000000004,1,6,3,0.0,7696.820474345435,9400.0,0.0,101325.0,0.0
510.6225,1,6,3,0.0,7628.099810086916,9400.0,0.0,101325.0,0.0
510.7225,1,6,3,0.0,7576.573591541851,9400.0,0.0,101325.0,0.0
510.8225,1,6,3,0.0,7580.121938564105,9400.0,0.0,101325.0,0.0
510.9225,1,6,3,0.0,7529.95199523599,9400.0,0.0,101325.0,0.0
511.02250000000004,1,6,3,0.0,7494.382264277693,9400.0,0.0,101325.0,0.0
511.1225,1,6,3,0.0,7625.0742730644915,9400.0,0.0,101325.0,0.0
511.2225,1,6,3,0.0,7760.543844358093,9400.0,0.0,101325.0,0.0
511.3225,1,6,3,0.0,7927.262532865581,9400.0,0.0,101325.0,0.0
511.4225,1,6,3,0.0,7995.886445217778,9400.0,0.0,101325.0,0.0
511.5425,1,6,3,0.0,8025.2751281847795,9400.0,0.0,101325.0,0.0
511.6225,1,6,3,0.0,8198.624819332244,9400.0,0.0,101325.0,0.0
511.7225,1,6,3,0.0,8347.54815119002,9400.0,0.0,101325.0,0.0
511.8225,1,6,3,0.0,8471.014657671483,9400.0,0.0,101325.0,0.0
511.9225,1,6,3,0.0,8601.809829635506,9400.0,0.0,101325.0,0.0
512.0425,1,6,3,0.0,8787.34618108,9400.0,0.0,101325.0,0.0
512.1225000000001,1,6,3,0.0,8897.072168335177,9400.0,0.0,101325.0,0.0
512.2425000000001,1,6,3,0.0,9044.286022233642,9400.0,0.0,101325.0,0.0
512.3225000000001,1,6,3,0.0,9101.0275182352,9400.0,0.0,101325.0,0.0
512.4425000000001,1,6,3,0.0,9232.111780232573,9400.0,0.0,101325.0,0.0
512.5225,1,6,3,0.0,9333.191294413647,9400.0,0.0,101325.0,0.0
512.6425,1,6,3,0.0,9256.115578485613,9400.0,0.0,101325.0,0.0
512.7225000000001,1,6,3,0.0,9324.635161974968,9400.0,0.0,101325.0,0.0
512.8425000000001,0,6,3,0.0,8987.128959309144,9400.0,0.0,101325.0,0.0
512.9425000000001,2,6,3,0.0,7445.520220213364,9400.0,0.0,101325.0,0.0
513.0425,2,6,3,0.0,7541.719008710412,9400.0,0.0,101325.0,0.0
513.1425,2,6,3,0.0,7698.7304502311,9400.0,0.0,101325.0,0.0
513.2425000000001,2,6,3,0.0,7806.601248824674,9400.0,0.0,101325.0,0.0
513.3425000000001,2,6,3,0.0,7949.74219717263,9400.0,0.0,101325.0,0.0
513.4425000000001,2,6,3,0.0,8063.808614827728,9400.0,0.0,101325.0,0.0
513.5425,2,6,3,0.0,8196.830829165607,9400.0,0.0,101325.0,0.0
513.6425,2,6,3,0.0,8315.875890096673,9400.0,0.0,101325.0,0.0
513.7425000000001,2,6,3,0.0,8425.29705056265,9400.0,0.0,101325.0,0.0
513.8425000000001,2,6,3,0.0,8570.174870481946,9400.0,0.0,101325.0,0.0
513.9425000000001,2,6,3,0.0,8668.101205065386,9400.0,0.0,101325.0,0.0
514.0425,2,6,3,0.0,8807.883230304069,9400.0,0.0,101325.0,0.0
514.1425,2,6,3,0.0,8902.057222882046,9400.0,0.0,101325.0,0.0
514.2425000000001,2,6,3,0.0,8991.458315695692,9400.0,0.0,101325.0,0.0
514.3425000000001,2,6,3,0.0,9114.803008030038,9400.0,0.0,101325.0,0.0
514.4425000000001,2,6,3,0.0,9245.879693070892,9400.0,0.0,101325.0,0.0
514.5625000000001,2,6,3,0.0,9312.294048333508,9400.0,0.0,101325.0,0.0
514.6425,3,6,3,0.0,8415.495965883574,9400.0,0.0,101325.0,0.0
514.7625,3,6,3,0.0,7671.780964420493,9400.0,0.0,101325.0,0.0
514.8425000000001,3,6,3,0.0,7741.358990451308,9400.0,0.0,101325.0,0.0
514.9425000000001,3,6,3,0.0,7822.949989622017,9400.0,0.0,101325.0,0.0
515.0625000000001,3,6,3,0.0,7915.630156080078,9400.0,0.0,101325.0,0.0
515.1425,3,6,3,0.0,7969.755853554061,9400.0,0.0,101325.0,0.0
515.2625,3,6,3,0.0,8066.60975736862,9400.0,0.0,101325.0,0.0
515.3625000000001,3,6,3,0.0,8151.380164063376,9400.0,0.0,101325.0,0.0
515.4625000000001,3,6,3,0.0,8211.839031501848,9400.0,0.0,101325.0,0.0
515.5625000000001,3,6,3,0.0,8289.698088165413,9400.0,0.0,101325.0,0.0
515.6425,3,6,3,0.0,8362.732954897441,9400.0,0.0,101325.0,0.0
515.7625,3,6,3,0.0,8420.32714992882,9400.0,0.0,101325.0,0.0
515.8625000000001,3,6,3,0.0,8498.445571642469,9400.0,0.0,101325.0,0.0
515.9625000000001,3,6,3,0.0,8565.09656108561,9400.0,0.0,101325.0,0.0
516.0625000000001,3,6,3,0.0,8631.439809525506,9400.0,0.0,101325.0,0.0
516.1625,3,6,3,0.0,8701.825072847028,9400.0,0.0,101325.0,0.0
516.2625,3,6,3,0.0,8756.938688882561,9400.0,0.0,101325.0,0.0
516.3625000000001,3,6,3,0.0,8826.335450799723,9400.0,0.0,101325.0,0.0
516.4625000000001,3,6,3,0.0,8916.822379766862,9400.0,0.0,101325.0,0.0
516.5625000000001,3,6,3,0.0,8910.408777494706,9400.0,0.0,101325.0,0.0
516.6625,3,6,3,0.0,8993.716831581243,9400.0,0.0,101325.0,0.0
516.7625,3,6,3,0.0,9041.906857886594,9400.0,0.0,101325.0,0.0
516.8625000000001,3,6,3,0.0,9096.60199278514,9400.0,0.0,101325.0,0.0
516.9625000000001,3,6,3,0.0,9142.822593238288,9400.0,0.0,101325.0,0.0
517.0825000000001,3,6,3,0.0,9208.919882012715,9400.0,0.0,101325.0,0.0
517.1625,3,6,3,0.0,9236.974437789515,9400.0,0.0,101325.0,0.0
517.2825,3,6,3,0.0,9294.726583222182,9400.0,0.0,101325.0,0.0
517.3625000000001,3,6,3,0.0,9329.139954047076,9400.0,0.0,101325.0,0.0
517.4825000000001,4,6,3,0.0,7866.552460176355,9400.0,0.0,101325.0,0.0
517.5625000000001,4,6,3,0.0,7885.761210638317,9400.0,0.0,101325.0,0.0
517.6825000000001,4,6,3,0.0,7931.8908876132355,9400.0,0.0,101325.0,0.0
517.7625,4,6,3,0.0,7968.744621280143,9400.0,0.0,101325.0,0.0
517.8825,4,6,3,0.0,8039.544868681797,9400.0,0.0,101325.0,0.0
517.9825000000001,4,6,3,0.0,8124.884712801116,9400.0,0.0,101325.0,0.0
518.0625000000001,4,6,3,0.0,8096.362134248547,9400.0,0.0,101325.0,0.0
518.1825000000001,4,6,3,0.0,8171.6018953276825,9400.0,0.0,101325.0,0.0
518.2625,4,6,3,0.0,8244.23460052138,9400.0,0.0,101325.0,0.0
518.3825,4,6,3,0.0,8280.894830375642,9400.0,0.0,101325.0,0.0
518.4825000000001,4,6,3,0.0,8331.531047951097,9400.0,0.0,101325.0,0.0
518.5825000000001,4,6,3,0.0,8391.170438399871,9400.0,0.0,101325.0,0.0
518.6825000000001,4,6,3,0.0,8400.648628162664,9400.0,0.0,101325.0,0.0
518.7825,4,6,3,0.0,8428.816838287255,9400.0,0.0,101325.0,0.0
518.8825,4,6,3,0.0,8458.872293427952,9400.0,0.0,101325.0,0.0
518.9825000000001,4,6,3,0.0,8493.960596225872,9400.0,0.0,101325.0,0.0
519.0825000000001,4,6,3,0.0,8522.672598691423,9400.0,0.0,101325.0,0.0
519.1825000000001,4,6,3,0.0,8548.120681425595,9400.0,0.0,101325.0,0.0
519.2825,4,6,3,0.0,8621.136897187731,9400.0,0.0,101325.0,0.0
519.3825,4,6,3,0.0,8624.650856484242,9400.0,0.0,101325.0,0.0
519.4825000000001,4,6,3,0.0,8642.728309053597,9400.0,0.0,101325.0,0.0
519.5825000000001,4,6,3,0.0,8723.050459428732,9400.0,0.0,101325.0,0.0
519.6825000000001,4,6,3,0.0,8703.522893950152,9400.0,0.0,101325.0,0.0
519.8025,4,6,3,0.0,8772.340892957804,9400.0,0.0,101325.0,0.0
519.8825,4,6,3,0.0,8791.205766162353,9400.0,0.0,101325.0,0.0
519.9825000000001,4,6,3,0.0,8797.138523116939,9400.0,0.0,101325.0,0.0
520.0825000000001,4,6,3,0.0,8823.007418359337,9400.0,0.0,101325.0,0.0
520.1825000000001,4,6,3,0.0,8865.645284064492,9400.0,0.0,101325.0,0.0
520.3025,4,6,3,0.0,8894.857948503122,9400.0,0.0,101325.0,0.0
520.3825,4,6,3,0.0,8929.485222638985,9400.0,0.0,101325.0,0.0
520.5025,4,6,3,0.0,8954.728727547137,9400.0,0.0,101325.0,0.0
520.5825000000001,4,6,3,0.0,8995.041633286495,9400.0,0.0,101325.0,0.0
520.7025000000001,4,6,3,0.0,9016.44420408219,9400.0,0.0,101325.0,0.0
520.7825,4,6,3,0.0,9046.69491156396,9400.0,0.0,101325.0,0.0
520.9025,4,6,3,0.0,9072.616262659183,9400.0,0.0,101325.0,0.0
521.0025,4,6,3,0.0,9095.130897534782,9400.0,0.0,101325.0,0.0
521.1025000000001,4,6,3,0.0,9110.909035221943,9400.0,0.0,101325.0,0.0
521.2025000000001,4,6,3,0.0,9144.93947832121,9400.0,0.0,101325.0,0.0
521.3025,4,6,3,0.0,9172.940412559568,9400.0,0.0,101325.0,0.0
521.4025,4,6,3,0.0,9195.09193636505,9400.0,0.0,101325.0,0.0
521.5025,4,6,3,0.0,9214.65622094061,9400.0,0.0,101325.0,0.0
521.6025000000001,0,6,3,0.0,8902.600432380195,9400.0,0.0,101325.0,0.0
521.7025000000001,5,6,3,0.0,7986.450220137244,9400.0,0.0,101325.0,0.0
521.8025,5,6,3,0.0,8005.826829328247,9400.0,0.0,101325.0,0.0
521.9025,5,6,3,0.0,8030.742776577645,9400.0,0.0,101325.0,0.0
522.0025,5,6,3,0.0,8052.739847038697,9400.0,0.0,101325.0,0.0
522.1025000000001,5,6,3,0.0,8080.072843417741,9400.0,0.0,101325.0,0.0
522.2025000000001,5,6,3,0.0,8107.056716954088,9400.0,0.0,101325.0,0.0
522.3025,5,6,3,0.0,8121.220380059836,9400.0,0.0,101325.0,0.0
522.4225,5,6,3,0.0,8155.939160516738,9400.0,0.0,101325.0,0.0
522.5025,5,6,3,0.0,8171.512137535069,9400.0,0.0,101325.0,0.0
522.6225000000001,5,6,3,0.0,8198.857373613106,9400.0,0.0,101325.0,0.0
522.7025000000001,5,6,3,0.0,8218.847716282171,9400.0,0.0,101325.0,0.0
522.8225000000001,5,6,3,0.0,8242.780407712491,9400.0,0.0,101325.0,0.0
522.9025,5,6,3,0.0,8255.774305300225,9400.0,0.0,101325.0,0.0
523.0225,5,6,3,0.0,8289.38918147655,9400.0,0.0,101325.0,0.0
523.1025000000001,5,6,3,0.0,8308.116503778134,9400.0,0.0,101325.0,0.0
523.2225000000001,5,6,3,0.0,8334.634103067143,9400.0,0.0,101325.0,0.0
523.3225000000001,5,6,3,0.0,8357.079962491258,9400.0,0.0,101325.0,0.0
523.4025,5,6,3,0.0,8374.406130679587,9400.0,0.0,101325.0,0.0
523.5225,5,6,3,0.0,8404.369496656434,9400.0,0.0,101325.0,0.0
523.6025000000001,5,6,3,0.0,8426.211530930246,9400.0,0.0,101325.0,0.0
523.7225000000001,5,6,3,0.0,8463.149776804485,9400.0,0.0,101325.0,0.0
523.8225000000001,5,6,3,0.0,8483.485745259388,9400.0,0.0,101325.0,0.0
523.9225,5,6,3,0.0,8486.585886161387,9400.0,0.0,101325.0,0.0
524.0225,5,6,3,0.0,8507.203950535933,9400.0,0.0,101325.0,0.0
524.1225000000001,5,6,3,0.0,8518.553065716176,9400.0,0.0,101325.0,0.0
524.2225000000001,5,6,4,0.0,8535.623948754086,9400.0,0.0,101325.0,0.0
